id,firstname,lastname,email,email2,profession
100,Rani,Cherianne,Rani.Cherianne@yopmail.com,Rani.Cherianne@gmail.com,developer
101,Flo,Whiffen,Flo.Whiffen@yopmail.com,Flo.Whiffen@gmail.com,worker
102,Berta,Vorster,Berta.Vorster@yopmail.com,Berta.Vorster@gmail.com,developer
103,Evaleen,Marden,Evaleen.Marden@yopmail.com,Evaleen.Marden@gmail.com,worker
104,Meg,Ferino,Meg.Ferino@yopmail.com,Meg.Ferino@gmail.com,worker
105,Binny,MacIntosh,Binny.MacIntosh@yopmail.com,Binny.MacIntosh@gmail.com,police officer
106,Lila,Manolo,Lila.Manolo@yopmail.com,Lila.Manolo@gmail.com,developer
107,Jackie,Tiffa,Jackie.Tiffa@yopmail.com,Jackie.Tiffa@gmail.com,doctor
108,Jenilee,Pond,Jenilee.Pond@yopmail.com,Jenilee.Pond@gmail.com,firefighter
109,Ninnetta,Emerson,Ninnetta.Emerson@yopmail.com,Ninnetta.Emerson@gmail.com,developer
110,Nataline,Sammons,Nataline.Sammons@yopmail.com,Nataline.Sammons@gmail.com,doctor
111,Kelly,Glenden,Kelly.Glenden@yopmail.com,Kelly.Glenden@gmail.com,doctor
112,Claudina,Vittoria,Claudina.Vittoria@yopmail.com,Claudina.Vittoria@gmail.com,firefighter
113,Gusella,Bord,Gusella.Bord@yopmail.com,Gusella.Bord@gmail.com,police officer
114,Elsie,Atcliffe,Elsie.Atcliffe@yopmail.com,Elsie.Atcliffe@gmail.com,doctor
115,Claresta,Gherardo,Claresta.Gherardo@yopmail.com,Claresta.Gherardo@gmail.com,worker
116,Kore,Brittani,Kore.Brittani@yopmail.com,Kore.Brittani@gmail.com,firefighter
117,Marcy,Lorenz,Marcy.Lorenz@yopmail.com,Marcy.Lorenz@gmail.com,doctor
118,Leona,Grayce,Leona.Grayce@yopmail.com,Leona.Grayce@gmail.com,developer
119,Merrie,Zeeba,Merrie.Zeeba@yopmail.com,Merrie.Zeeba@gmail.com,worker
120,Chrystel,Verger,Chrystel.Verger@yopmail.com,Chrystel.Verger@gmail.com,developer
121,Alie,Delp,Alie.Delp@yopmail.com,Alie.Delp@gmail.com,developer
122,Amelia,Modie,Amelia.Modie@yopmail.com,Amelia.Modie@gmail.com,worker
123,Bill,LaRue,Bill.LaRue@yopmail.com,Bill.LaRue@gmail.com,police officer
124,Lanna,Stephie,Lanna.Stephie@yopmail.com,Lanna.Stephie@gmail.com,developer
125,Kaia,Myrilla,Kaia.Myrilla@yopmail.com,Kaia.Myrilla@gmail.com,worker
126,Blinni,Obed,Blinni.Obed@yopmail.com,Blinni.Obed@gmail.com,worker
127,Karlee,Alwin,Karlee.Alwin@yopmail.com,Karlee.Alwin@gmail.com,police officer
128,Selma,Blake,Selma.Blake@yopmail.com,Selma.Blake@gmail.com,doctor
129,Violet,Amadas,Violet.Amadas@yopmail.com,Violet.Amadas@gmail.com,doctor
130,Jackie,Pauly,Jackie.Pauly@yopmail.com,Jackie.Pauly@gmail.com,developer
131,Odessa,Yorick,Odessa.Yorick@yopmail.com,Odessa.Yorick@gmail.com,police officer
132,Adelle,Lorain,Adelle.Lorain@yopmail.com,Adelle.Lorain@gmail.com,firefighter
133,Annora,Docilla,Annora.Docilla@yopmail.com,Annora.Docilla@gmail.com,police officer
134,Concettina,Dannye,Concettina.Dannye@yopmail.com,Concettina.Dannye@gmail.com,worker
135,Jorry,Desai,Jorry.Desai@yopmail.com,Jorry.Desai@gmail.com,doctor
136,Perry,Emerson,Perry.Emerson@yopmail.com,Perry.Emerson@gmail.com,firefighter
137,Livvyy,Boycey,Livvyy.Boycey@yopmail.com,Livvyy.Boycey@gmail.com,firefighter
138,Nyssa,Gombach,Nyssa.Gombach@yopmail.com,Nyssa.Gombach@gmail.com,doctor
139,Emma,Tippets,Emma.Tippets@yopmail.com,Emma.Tippets@gmail.com,police officer
140,Jere,Melleta,Jere.Melleta@yopmail.com,Jere.Melleta@gmail.com,worker
141,Alie,Malina,Alie.Malina@yopmail.com,Alie.Malina@gmail.com,doctor
142,Libbie,Jerold,Libbie.Jerold@yopmail.com,Libbie.Jerold@gmail.com,developer
143,Gertrud,Claudine,Gertrud.Claudine@yopmail.com,Gertrud.Claudine@gmail.com,firefighter
144,Angela,Serilda,Angela.Serilda@yopmail.com,Angela.Serilda@gmail.com,worker
145,Nadine,Tound,Nadine.Tound@yopmail.com,Nadine.Tound@gmail.com,developer
146,Heida,Wolfgram,Heida.Wolfgram@yopmail.com,Heida.Wolfgram@gmail.com,firefighter
147,Margarette,Center,Margarette.Center@yopmail.com,Margarette.Center@gmail.com,developer
148,Daryl,Pacorro,Daryl.Pacorro@yopmail.com,Daryl.Pacorro@gmail.com,doctor
149,Catharine,Lorenz,Catharine.Lorenz@yopmail.com,Catharine.Lorenz@gmail.com,doctor
150,Dale,Rooney,Dale.Rooney@yopmail.com,Dale.Rooney@gmail.com,police officer
151,Estell,Bendick,Estell.Bendick@yopmail.com,Estell.Bendick@gmail.com,developer
152,Lulita,Joseph,Lulita.Joseph@yopmail.com,Lulita.Joseph@gmail.com,worker
153,Tersina,Wildermuth,Tersina.Wildermuth@yopmail.com,Tersina.Wildermuth@gmail.com,doctor
154,Grier,Audly,Grier.Audly@yopmail.com,Grier.Audly@gmail.com,police officer
155,Charissa,Hebner,Charissa.Hebner@yopmail.com,Charissa.Hebner@gmail.com,worker
156,Magdalena,Raama,Magdalena.Raama@yopmail.com,Magdalena.Raama@gmail.com,firefighter
157,Gilda,Goerke,Gilda.Goerke@yopmail.com,Gilda.Goerke@gmail.com,doctor
158,Taffy,Yuille,Taffy.Yuille@yopmail.com,Taffy.Yuille@gmail.com,doctor
159,Caritta,Bendick,Caritta.Bendick@yopmail.com,Caritta.Bendick@gmail.com,doctor
160,Margette,Chrystel,Margette.Chrystel@yopmail.com,Margette.Chrystel@gmail.com,worker
161,Chickie,Atonsah,Chickie.Atonsah@yopmail.com,Chickie.Atonsah@gmail.com,worker
162,Barbi,Kress,Barbi.Kress@yopmail.com,Barbi.Kress@gmail.com,worker
163,Liana,Hessler,Liana.Hessler@yopmail.com,Liana.Hessler@gmail.com,doctor
164,Lusa,Ashely,Lusa.Ashely@yopmail.com,Lusa.Ashely@gmail.com,firefighter
165,Verla,Cloris,Verla.Cloris@yopmail.com,Verla.Cloris@gmail.com,developer
166,Sam,Dom,Sam.Dom@yopmail.com,Sam.Dom@gmail.com,worker
167,Isa,Bennie,Isa.Bennie@yopmail.com,Isa.Bennie@gmail.com,doctor
168,Gerianna,Leopold,Gerianna.Leopold@yopmail.com,Gerianna.Leopold@gmail.com,doctor
169,Beverley,Kelula,Beverley.Kelula@yopmail.com,Beverley.Kelula@gmail.com,firefighter
170,Ricky,Laverne,Ricky.Laverne@yopmail.com,Ricky.Laverne@gmail.com,police officer
171,Alameda,Anastatius,Alameda.Anastatius@yopmail.com,Alameda.Anastatius@gmail.com,worker
172,Nanete,Goerke,Nanete.Goerke@yopmail.com,Nanete.Goerke@gmail.com,firefighter
173,Tabbatha,Kunin,Tabbatha.Kunin@yopmail.com,Tabbatha.Kunin@gmail.com,doctor
174,Sean,Melan,Sean.Melan@yopmail.com,Sean.Melan@gmail.com,developer
175,Tobe,Millda,Tobe.Millda@yopmail.com,Tobe.Millda@gmail.com,firefighter
176,Madelle,Lea,Madelle.Lea@yopmail.com,Madelle.Lea@gmail.com,doctor
177,Blinni,Janith,Blinni.Janith@yopmail.com,Blinni.Janith@gmail.com,doctor
178,Ashlee,Nickola,Ashlee.Nickola@yopmail.com,Ashlee.Nickola@gmail.com,doctor
179,Janenna,Hull,Janenna.Hull@yopmail.com,Janenna.Hull@gmail.com,worker
180,Jinny,Ricarda,Jinny.Ricarda@yopmail.com,Jinny.Ricarda@gmail.com,police officer
181,Valera,Forrer,Valera.Forrer@yopmail.com,Valera.Forrer@gmail.com,worker
182,Antonietta,Goerke,Antonietta.Goerke@yopmail.com,Antonietta.Goerke@gmail.com,doctor
183,Dania,Boycey,Dania.Boycey@yopmail.com,Dania.Boycey@gmail.com,worker
184,Jenilee,Hessler,Jenilee.Hessler@yopmail.com,Jenilee.Hessler@gmail.com,police officer
185,Alleen,Bohlin,Alleen.Bohlin@yopmail.com,Alleen.Bohlin@gmail.com,worker
186,Tobe,Schroth,Tobe.Schroth@yopmail.com,Tobe.Schroth@gmail.com,doctor
187,Sashenka,Harriman,Sashenka.Harriman@yopmail.com,Sashenka.Harriman@gmail.com,police officer
188,Hollie,Peti,Hollie.Peti@yopmail.com,Hollie.Peti@gmail.com,police officer
189,Ann-Marie,Dearborn,Ann-Marie.Dearborn@yopmail.com,Ann-Marie.Dearborn@gmail.com,firefighter
190,Pamella,Tannie,Pamella.Tannie@yopmail.com,Pamella.Tannie@gmail.com,firefighter
191,Ellette,Taima,Ellette.Taima@yopmail.com,Ellette.Taima@gmail.com,firefighter
192,Maridel,Fiester,Maridel.Fiester@yopmail.com,Maridel.Fiester@gmail.com,firefighter
193,Marinna,Abram,Marinna.Abram@yopmail.com,Marinna.Abram@gmail.com,worker
194,Teriann,Lia,Teriann.Lia@yopmail.com,Teriann.Lia@gmail.com,firefighter
195,Molli,Emmy,Molli.Emmy@yopmail.com,Molli.Emmy@gmail.com,firefighter
196,Teriann,Stefa,Teriann.Stefa@yopmail.com,Teriann.Stefa@gmail.com,developer
197,Ginnie,Payson,Ginnie.Payson@yopmail.com,Ginnie.Payson@gmail.com,police officer
198,Melina,Woodberry,Melina.Woodberry@yopmail.com,Melina.Woodberry@gmail.com,worker
199,Wynne,Hartnett,Wynne.Hartnett@yopmail.com,Wynne.Hartnett@gmail.com,police officer
200,Morganica,Abernon,Morganica.Abernon@yopmail.com,Morganica.Abernon@gmail.com,developer
201,Deirdre,Bollay,Deirdre.Bollay@yopmail.com,Deirdre.Bollay@gmail.com,developer
202,Maryellen,Publia,Maryellen.Publia@yopmail.com,Maryellen.Publia@gmail.com,firefighter
203,Kittie,Brieta,Kittie.Brieta@yopmail.com,Kittie.Brieta@gmail.com,police officer
204,Elise,Candy,Elise.Candy@yopmail.com,Elise.Candy@gmail.com,developer
205,Caressa,Reinke,Caressa.Reinke@yopmail.com,Caressa.Reinke@gmail.com,police officer
206,Sarette,Ambrosia,Sarette.Ambrosia@yopmail.com,Sarette.Ambrosia@gmail.com,firefighter
207,Helsa,Behre,Helsa.Behre@yopmail.com,Helsa.Behre@gmail.com,police officer
208,Elora,Tybald,Elora.Tybald@yopmail.com,Elora.Tybald@gmail.com,police officer
209,Orelia,Jalbert,Orelia.Jalbert@yopmail.com,Orelia.Jalbert@gmail.com,developer
210,Kristan,Infield,Kristan.Infield@yopmail.com,Kristan.Infield@gmail.com,doctor
211,Edyth,Skell,Edyth.Skell@yopmail.com,Edyth.Skell@gmail.com,developer
212,Fawne,Narton,Fawne.Narton@yopmail.com,Fawne.Narton@gmail.com,firefighter
213,Corry,Marsden,Corry.Marsden@yopmail.com,Corry.Marsden@gmail.com,firefighter
214,Roxane,Wallis,Roxane.Wallis@yopmail.com,Roxane.Wallis@gmail.com,firefighter
215,Cissiee,Eachern,Cissiee.Eachern@yopmail.com,Cissiee.Eachern@gmail.com,worker
216,Tracey,Reneta,Tracey.Reneta@yopmail.com,Tracey.Reneta@gmail.com,firefighter
217,Lucille,Alrich,Lucille.Alrich@yopmail.com,Lucille.Alrich@gmail.com,developer
218,Caressa,Ferrell,Caressa.Ferrell@yopmail.com,Caressa.Ferrell@gmail.com,doctor
219,Renie,Grosz,Renie.Grosz@yopmail.com,Renie.Grosz@gmail.com,firefighter
220,Almeta,Beebe,Almeta.Beebe@yopmail.com,Almeta.Beebe@gmail.com,police officer
221,Yolane,Mintz,Yolane.Mintz@yopmail.com,Yolane.Mintz@gmail.com,firefighter
222,Sharai,Berne,Sharai.Berne@yopmail.com,Sharai.Berne@gmail.com,doctor
223,Antonietta,Stefa,Antonietta.Stefa@yopmail.com,Antonietta.Stefa@gmail.com,doctor
224,Sindee,Lareena,Sindee.Lareena@yopmail.com,Sindee.Lareena@gmail.com,doctor
225,Gerianna,Cohdwell,Gerianna.Cohdwell@yopmail.com,Gerianna.Cohdwell@gmail.com,police officer
226,Sybille,Killigrew,Sybille.Killigrew@yopmail.com,Sybille.Killigrew@gmail.com,firefighter
227,Ottilie,Ambrosia,Ottilie.Ambrosia@yopmail.com,Ottilie.Ambrosia@gmail.com,developer
228,Mariele,Arley,Mariele.Arley@yopmail.com,Mariele.Arley@gmail.com,worker
229,Annecorinne,Campball,Annecorinne.Campball@yopmail.com,Annecorinne.Campball@gmail.com,police officer
230,Eve,Mintz,Eve.Mintz@yopmail.com,Eve.Mintz@gmail.com,developer
231,Ellette,Saint,Ellette.Saint@yopmail.com,Ellette.Saint@gmail.com,firefighter
232,Corly,Albertine,Corly.Albertine@yopmail.com,Corly.Albertine@gmail.com,worker
233,Raf,Isidore,Raf.Isidore@yopmail.com,Raf.Isidore@gmail.com,police officer
234,Rayna,Mayeda,Rayna.Mayeda@yopmail.com,Rayna.Mayeda@gmail.com,worker
235,Kara-Lynn,Teryn,Kara-Lynn.Teryn@yopmail.com,Kara-Lynn.Teryn@gmail.com,firefighter
236,Nonnah,Ackerley,Nonnah.Ackerley@yopmail.com,Nonnah.Ackerley@gmail.com,developer
237,Tami,Moseley,Tami.Moseley@yopmail.com,Tami.Moseley@gmail.com,worker
238,Lesly,Bakerman,Lesly.Bakerman@yopmail.com,Lesly.Bakerman@gmail.com,worker
239,Nyssa,Margret,Nyssa.Margret@yopmail.com,Nyssa.Margret@gmail.com,worker
240,Maryellen,Celestine,Maryellen.Celestine@yopmail.com,Maryellen.Celestine@gmail.com,developer
241,Caritta,Madox,Caritta.Madox@yopmail.com,Caritta.Madox@gmail.com,police officer
242,Ana,Franza,Ana.Franza@yopmail.com,Ana.Franza@gmail.com,doctor
243,Eolanda,Salchunas,Eolanda.Salchunas@yopmail.com,Eolanda.Salchunas@gmail.com,worker
244,Therine,Therine,Therine.Therine@yopmail.com,Therine.Therine@gmail.com,firefighter
245,Charissa,Stacy,Charissa.Stacy@yopmail.com,Charissa.Stacy@gmail.com,developer
246,Chickie,Katrine,Chickie.Katrine@yopmail.com,Chickie.Katrine@gmail.com,police officer
247,Moyna,Margret,Moyna.Margret@yopmail.com,Moyna.Margret@gmail.com,police officer
248,Mireielle,Ortrude,Mireielle.Ortrude@yopmail.com,Mireielle.Ortrude@gmail.com,doctor
249,Stacey,Socha,Stacey.Socha@yopmail.com,Stacey.Socha@gmail.com,doctor
250,Janey,Carleen,Janey.Carleen@yopmail.com,Janey.Carleen@gmail.com,worker
251,Jinny,Fiann,Jinny.Fiann@yopmail.com,Jinny.Fiann@gmail.com,firefighter
252,Valli,Elvyn,Valli.Elvyn@yopmail.com,Valli.Elvyn@gmail.com,police officer
253,Collen,Kelula,Collen.Kelula@yopmail.com,Collen.Kelula@gmail.com,developer
254,Carilyn,Aurelio,Carilyn.Aurelio@yopmail.com,Carilyn.Aurelio@gmail.com,firefighter
255,Corene,Girardo,Corene.Girardo@yopmail.com,Corene.Girardo@gmail.com,police officer
256,Concettina,Niccolo,Concettina.Niccolo@yopmail.com,Concettina.Niccolo@gmail.com,developer
257,Fernande,Virgin,Fernande.Virgin@yopmail.com,Fernande.Virgin@gmail.com,firefighter
258,Alexine,Cynar,Alexine.Cynar@yopmail.com,Alexine.Cynar@gmail.com,police officer
259,Philis,Fadiman,Philis.Fadiman@yopmail.com,Philis.Fadiman@gmail.com,worker
260,Doro,Concha,Doro.Concha@yopmail.com,Doro.Concha@gmail.com,police officer
261,Tarra,Ruvolo,Tarra.Ruvolo@yopmail.com,Tarra.Ruvolo@gmail.com,firefighter
262,Carolina,Margret,Carolina.Margret@yopmail.com,Carolina.Margret@gmail.com,worker
263,Kerrin,Talia,Kerrin.Talia@yopmail.com,Kerrin.Talia@gmail.com,developer
264,Almeta,Brackely,Almeta.Brackely@yopmail.com,Almeta.Brackely@gmail.com,developer
265,Jordan,Shields,Jordan.Shields@yopmail.com,Jordan.Shields@gmail.com,police officer
266,Diena,Leifeste,Diena.Leifeste@yopmail.com,Diena.Leifeste@gmail.com,firefighter
267,Karolina,Sawtelle,Karolina.Sawtelle@yopmail.com,Karolina.Sawtelle@gmail.com,worker
268,Celestyna,Felizio,Celestyna.Felizio@yopmail.com,Celestyna.Felizio@gmail.com,doctor
269,Gale,Zuzana,Gale.Zuzana@yopmail.com,Gale.Zuzana@gmail.com,doctor
270,Jessy,Latini,Jessy.Latini@yopmail.com,Jessy.Latini@gmail.com,firefighter
271,Fina,Gale,Fina.Gale@yopmail.com,Fina.Gale@gmail.com,doctor
272,Lucy,Bandeen,Lucy.Bandeen@yopmail.com,Lucy.Bandeen@gmail.com,worker
273,Ardys,Grobe,Ardys.Grobe@yopmail.com,Ardys.Grobe@gmail.com,developer
274,Lenna,Barbey,Lenna.Barbey@yopmail.com,Lenna.Barbey@gmail.com,doctor
275,Ronna,Clarissa,Ronna.Clarissa@yopmail.com,Ronna.Clarissa@gmail.com,worker
276,Bill,Stacy,Bill.Stacy@yopmail.com,Bill.Stacy@gmail.com,developer
277,Celisse,Bonilla,Celisse.Bonilla@yopmail.com,Celisse.Bonilla@gmail.com,developer
278,Krystle,Dielu,Krystle.Dielu@yopmail.com,Krystle.Dielu@gmail.com,police officer
279,Rebeca,Ruvolo,Rebeca.Ruvolo@yopmail.com,Rebeca.Ruvolo@gmail.com,firefighter
280,Elie,Sparhawk,Elie.Sparhawk@yopmail.com,Elie.Sparhawk@gmail.com,firefighter
281,Emmey,Sinegold,Emmey.Sinegold@yopmail.com,Emmey.Sinegold@gmail.com,firefighter
282,Caritta,Byrne,Caritta.Byrne@yopmail.com,Caritta.Byrne@gmail.com,developer
283,Nannie,Schenck,Nannie.Schenck@yopmail.com,Nannie.Schenck@gmail.com,doctor
284,Roslyn,Dearborn,Roslyn.Dearborn@yopmail.com,Roslyn.Dearborn@gmail.com,doctor
285,Amii,Loring,Amii.Loring@yopmail.com,Amii.Loring@gmail.com,police officer
286,Sybille,Teddman,Sybille.Teddman@yopmail.com,Sybille.Teddman@gmail.com,doctor
287,Clo,Belldas,Clo.Belldas@yopmail.com,Clo.Belldas@gmail.com,developer
288,Audrie,Raychel,Audrie.Raychel@yopmail.com,Audrie.Raychel@gmail.com,developer
289,Ida,Daveta,Ida.Daveta@yopmail.com,Ida.Daveta@gmail.com,worker
290,Janenna,Annice,Janenna.Annice@yopmail.com,Janenna.Annice@gmail.com,worker
291,Chere,Egbert,Chere.Egbert@yopmail.com,Chere.Egbert@gmail.com,firefighter
292,Tami,Freddi,Tami.Freddi@yopmail.com,Tami.Freddi@gmail.com,police officer
293,Orelia,Tannie,Orelia.Tannie@yopmail.com,Orelia.Tannie@gmail.com,firefighter
294,Anica,Cynar,Anica.Cynar@yopmail.com,Anica.Cynar@gmail.com,doctor
295,Kaia,Swanhildas,Kaia.Swanhildas@yopmail.com,Kaia.Swanhildas@gmail.com,doctor
296,Bettine,Wadell,Bettine.Wadell@yopmail.com,Bettine.Wadell@gmail.com,firefighter
297,Ketti,Garrison,Ketti.Garrison@yopmail.com,Ketti.Garrison@gmail.com,police officer
298,Penelopa,Havens,Penelopa.Havens@yopmail.com,Penelopa.Havens@gmail.com,developer
299,Gloria,Elisha,Gloria.Elisha@yopmail.com,Gloria.Elisha@gmail.com,doctor
300,Marguerite,Urania,Marguerite.Urania@yopmail.com,Marguerite.Urania@gmail.com,worker
301,Joane,Desai,Joane.Desai@yopmail.com,Joane.Desai@gmail.com,worker
302,Nyssa,Jalbert,Nyssa.Jalbert@yopmail.com,Nyssa.Jalbert@gmail.com,developer
303,Stacey,Wilona,Stacey.Wilona@yopmail.com,Stacey.Wilona@gmail.com,doctor
304,Tressa,Taima,Tressa.Taima@yopmail.com,Tressa.Taima@gmail.com,doctor
305,Yolane,Ventre,Yolane.Ventre@yopmail.com,Yolane.Ventre@gmail.com,firefighter
306,Millie,Halsey,Millie.Halsey@yopmail.com,Millie.Halsey@gmail.com,worker
307,Berta,Stefa,Berta.Stefa@yopmail.com,Berta.Stefa@gmail.com,worker
308,Annice,Mullane,Annice.Mullane@yopmail.com,Annice.Mullane@gmail.com,firefighter
309,Giustina,Bach,Giustina.Bach@yopmail.com,Giustina.Bach@gmail.com,doctor
310,Elie,Prober,Elie.Prober@yopmail.com,Elie.Prober@gmail.com,firefighter
311,Steffane,Flyn,Steffane.Flyn@yopmail.com,Steffane.Flyn@gmail.com,developer
312,Bill,Anestassia,Bill.Anestassia@yopmail.com,Bill.Anestassia@gmail.com,worker
313,Roseline,Leary,Roseline.Leary@yopmail.com,Roseline.Leary@gmail.com,developer
314,Gerianna,Brieta,Gerianna.Brieta@yopmail.com,Gerianna.Brieta@gmail.com,police officer
315,Melodie,Ehrman,Melodie.Ehrman@yopmail.com,Melodie.Ehrman@gmail.com,firefighter
316,Fawne,Gaynor,Fawne.Gaynor@yopmail.com,Fawne.Gaynor@gmail.com,firefighter
317,Britni,Dorcy,Britni.Dorcy@yopmail.com,Britni.Dorcy@gmail.com,worker
318,Merry,Amasa,Merry.Amasa@yopmail.com,Merry.Amasa@gmail.com,doctor
319,Minne,Genna,Minne.Genna@yopmail.com,Minne.Genna@gmail.com,doctor
320,Ginnie,Nester,Ginnie.Nester@yopmail.com,Ginnie.Nester@gmail.com,police officer
321,Elora,Ruvolo,Elora.Ruvolo@yopmail.com,Elora.Ruvolo@gmail.com,doctor
322,Demetris,Stefa,Demetris.Stefa@yopmail.com,Demetris.Stefa@gmail.com,doctor
323,Tarra,Boehike,Tarra.Boehike@yopmail.com,Tarra.Boehike@gmail.com,developer
324,Tilly,Nelsen,Tilly.Nelsen@yopmail.com,Tilly.Nelsen@gmail.com,worker
325,Dawn,Shuler,Dawn.Shuler@yopmail.com,Dawn.Shuler@gmail.com,worker
326,Jennica,Montgomery,Jennica.Montgomery@yopmail.com,Jennica.Montgomery@gmail.com,doctor
327,Beverley,Erich,Beverley.Erich@yopmail.com,Beverley.Erich@gmail.com,developer
328,Deirdre,Wolfgram,Deirdre.Wolfgram@yopmail.com,Deirdre.Wolfgram@gmail.com,police officer
329,Nickie,Roarke,Nickie.Roarke@yopmail.com,Nickie.Roarke@gmail.com,developer
330,Kathi,Firmin,Kathi.Firmin@yopmail.com,Kathi.Firmin@gmail.com,worker
331,Neila,Carolin,Neila.Carolin@yopmail.com,Neila.Carolin@gmail.com,police officer
332,Sharai,Moseley,Sharai.Moseley@yopmail.com,Sharai.Moseley@gmail.com,police officer
333,Sheree,Gualtiero,Sheree.Gualtiero@yopmail.com,Sheree.Gualtiero@gmail.com,developer
334,Codie,Si,Codie.Si@yopmail.com,Codie.Si@gmail.com,developer
335,Courtnay,Clara,Courtnay.Clara@yopmail.com,Courtnay.Clara@gmail.com,police officer
336,Felice,Blake,Felice.Blake@yopmail.com,Felice.Blake@gmail.com,doctor
337,Sibella,Joseph,Sibella.Joseph@yopmail.com,Sibella.Joseph@gmail.com,police officer
338,Ellette,Jagir,Ellette.Jagir@yopmail.com,Ellette.Jagir@gmail.com,doctor
339,Kamilah,Anis,Kamilah.Anis@yopmail.com,Kamilah.Anis@gmail.com,worker
340,Roberta,Corrine,Roberta.Corrine@yopmail.com,Roberta.Corrine@gmail.com,police officer
341,Jolyn,Kirbee,Jolyn.Kirbee@yopmail.com,Jolyn.Kirbee@gmail.com,doctor
342,Lizzie,Carmena,Lizzie.Carmena@yopmail.com,Lizzie.Carmena@gmail.com,doctor
343,Flo,Jacobah,Flo.Jacobah@yopmail.com,Flo.Jacobah@gmail.com,worker
344,Arlena,Fairweather,Arlena.Fairweather@yopmail.com,Arlena.Fairweather@gmail.com,worker
345,Winifred,Thornburg,Winifred.Thornburg@yopmail.com,Winifred.Thornburg@gmail.com,worker
346,Ardenia,Gaynor,Ardenia.Gaynor@yopmail.com,Ardenia.Gaynor@gmail.com,doctor
347,Zondra,Codding,Zondra.Codding@yopmail.com,Zondra.Codding@gmail.com,firefighter
348,Livvyy,Cookie,Livvyy.Cookie@yopmail.com,Livvyy.Cookie@gmail.com,police officer
349,Roslyn,Arathorn,Roslyn.Arathorn@yopmail.com,Roslyn.Arathorn@gmail.com,worker
350,Bernardine,Sallyann,Bernardine.Sallyann@yopmail.com,Bernardine.Sallyann@gmail.com,firefighter
351,Rebeca,Darrell,Rebeca.Darrell@yopmail.com,Rebeca.Darrell@gmail.com,police officer
352,Desirae,Marlie,Desirae.Marlie@yopmail.com,Desirae.Marlie@gmail.com,firefighter
353,Brynna,Klotz,Brynna.Klotz@yopmail.com,Brynna.Klotz@gmail.com,developer
354,Aili,Tomasina,Aili.Tomasina@yopmail.com,Aili.Tomasina@gmail.com,developer
355,Glynnis,Alabaster,Glynnis.Alabaster@yopmail.com,Glynnis.Alabaster@gmail.com,developer
356,Lyssa,Fennessy,Lyssa.Fennessy@yopmail.com,Lyssa.Fennessy@gmail.com,worker
357,Misha,Parsaye,Misha.Parsaye@yopmail.com,Misha.Parsaye@gmail.com,worker
358,Viki,Mata,Viki.Mata@yopmail.com,Viki.Mata@gmail.com,doctor
359,Lanae,Lilybelle,Lanae.Lilybelle@yopmail.com,Lanae.Lilybelle@gmail.com,firefighter
360,Jsandye,Yate,Jsandye.Yate@yopmail.com,Jsandye.Yate@gmail.com,firefighter
361,Lenna,Rheingold,Lenna.Rheingold@yopmail.com,Lenna.Rheingold@gmail.com,worker
362,Rosene,Brunell,Rosene.Brunell@yopmail.com,Rosene.Brunell@gmail.com,developer
363,Malina,Prouty,Malina.Prouty@yopmail.com,Malina.Prouty@gmail.com,developer
364,Gui,Lowry,Gui.Lowry@yopmail.com,Gui.Lowry@gmail.com,doctor
365,Leontine,Bryna,Leontine.Bryna@yopmail.com,Leontine.Bryna@gmail.com,developer
366,Marita,Cynar,Marita.Cynar@yopmail.com,Marita.Cynar@gmail.com,police officer
367,Devina,Ochs,Devina.Ochs@yopmail.com,Devina.Ochs@gmail.com,developer
368,Brandise,Longfellow,Brandise.Longfellow@yopmail.com,Brandise.Longfellow@gmail.com,worker
369,Gui,Janene,Gui.Janene@yopmail.com,Gui.Janene@gmail.com,worker
370,Rubie,Rodmann,Rubie.Rodmann@yopmail.com,Rubie.Rodmann@gmail.com,police officer
371,Brynna,Serilda,Brynna.Serilda@yopmail.com,Brynna.Serilda@gmail.com,doctor
372,Sherrie,Creamer,Sherrie.Creamer@yopmail.com,Sherrie.Creamer@gmail.com,doctor
373,Ursulina,Ricki,Ursulina.Ricki@yopmail.com,Ursulina.Ricki@gmail.com,firefighter
374,Katuscha,Tamar,Katuscha.Tamar@yopmail.com,Katuscha.Tamar@gmail.com,developer
375,Shirlee,Kussell,Shirlee.Kussell@yopmail.com,Shirlee.Kussell@gmail.com,police officer
376,Mireielle,Cleo,Mireielle.Cleo@yopmail.com,Mireielle.Cleo@gmail.com,developer
377,Diena,Garlinda,Diena.Garlinda@yopmail.com,Diena.Garlinda@gmail.com,police officer
378,Lolita,Sabella,Lolita.Sabella@yopmail.com,Lolita.Sabella@gmail.com,doctor
379,Nita,Rubie,Nita.Rubie@yopmail.com,Nita.Rubie@gmail.com,developer
380,Joceline,Georgy,Joceline.Georgy@yopmail.com,Joceline.Georgy@gmail.com,police officer
381,Sissy,Sholley,Sissy.Sholley@yopmail.com,Sissy.Sholley@gmail.com,firefighter
382,Valli,Goth,Valli.Goth@yopmail.com,Valli.Goth@gmail.com,developer
383,Dominga,Rosalba,Dominga.Rosalba@yopmail.com,Dominga.Rosalba@gmail.com,worker
384,Meghann,Chrystel,Meghann.Chrystel@yopmail.com,Meghann.Chrystel@gmail.com,developer
385,Fanny,Bettine,Fanny.Bettine@yopmail.com,Fanny.Bettine@gmail.com,firefighter
386,Claresta,Bouchard,Claresta.Bouchard@yopmail.com,Claresta.Bouchard@gmail.com,firefighter
387,Laurene,Ulphia,Laurene.Ulphia@yopmail.com,Laurene.Ulphia@gmail.com,doctor
388,Frieda,Robertson,Frieda.Robertson@yopmail.com,Frieda.Robertson@gmail.com,worker
389,Madalyn,Chandler,Madalyn.Chandler@yopmail.com,Madalyn.Chandler@gmail.com,developer
390,Dominga,Lutero,Dominga.Lutero@yopmail.com,Dominga.Lutero@gmail.com,doctor
391,Roberta,Mott,Roberta.Mott@yopmail.com,Roberta.Mott@gmail.com,developer
392,Lulita,Waldron,Lulita.Waldron@yopmail.com,Lulita.Waldron@gmail.com,worker
393,Lusa,Artie,Lusa.Artie@yopmail.com,Lusa.Artie@gmail.com,developer
394,Kerrin,Buckler,Kerrin.Buckler@yopmail.com,Kerrin.Buckler@gmail.com,doctor
395,Gilligan,Himelman,Gilligan.Himelman@yopmail.com,Gilligan.Himelman@gmail.com,worker
396,Trudie,Giff,Trudie.Giff@yopmail.com,Trudie.Giff@gmail.com,doctor
397,Gusty,Sparhawk,Gusty.Sparhawk@yopmail.com,Gusty.Sparhawk@gmail.com,police officer
398,Penelopa,Orpah,Penelopa.Orpah@yopmail.com,Penelopa.Orpah@gmail.com,firefighter
399,Roslyn,Ariella,Roslyn.Ariella@yopmail.com,Roslyn.Ariella@gmail.com,worker
400,Moyna,Zrike,Moyna.Zrike@yopmail.com,Moyna.Zrike@gmail.com,police officer
401,Kirstin,Ludewig,Kirstin.Ludewig@yopmail.com,Kirstin.Ludewig@gmail.com,developer
402,Marita,Ricki,Marita.Ricki@yopmail.com,Marita.Ricki@gmail.com,developer
403,Beatriz,Ehrman,Beatriz.Ehrman@yopmail.com,Beatriz.Ehrman@gmail.com,firefighter
404,Robbi,Vernier,Robbi.Vernier@yopmail.com,Robbi.Vernier@gmail.com,developer
405,Letizia,Roarke,Letizia.Roarke@yopmail.com,Letizia.Roarke@gmail.com,doctor
406,Chrystel,Hillel,Chrystel.Hillel@yopmail.com,Chrystel.Hillel@gmail.com,firefighter
407,Gwenneth,Rese,Gwenneth.Rese@yopmail.com,Gwenneth.Rese@gmail.com,worker
408,Deloria,Nahum,Deloria.Nahum@yopmail.com,Deloria.Nahum@gmail.com,police officer
409,Xylina,Medrek,Xylina.Medrek@yopmail.com,Xylina.Medrek@gmail.com,firefighter
410,Sean,Stefa,Sean.Stefa@yopmail.com,Sean.Stefa@gmail.com,police officer
411,Deirdre,Atonsah,Deirdre.Atonsah@yopmail.com,Deirdre.Atonsah@gmail.com,firefighter
412,Gui,Posner,Gui.Posner@yopmail.com,Gui.Posner@gmail.com,doctor
413,Marcy,Malanie,Marcy.Malanie@yopmail.com,Marcy.Malanie@gmail.com,developer
414,Kaia,Lipson,Kaia.Lipson@yopmail.com,Kaia.Lipson@gmail.com,firefighter
415,Atlanta,Cressida,Atlanta.Cressida@yopmail.com,Atlanta.Cressida@gmail.com,worker
416,Kaia,Casimir,Kaia.Casimir@yopmail.com,Kaia.Casimir@gmail.com,worker
417,Candy,Philoo,Candy.Philoo@yopmail.com,Candy.Philoo@gmail.com,firefighter
418,Kimmy,Jeanne,Kimmy.Jeanne@yopmail.com,Kimmy.Jeanne@gmail.com,police officer
419,Celisse,Christal,Celisse.Christal@yopmail.com,Celisse.Christal@gmail.com,doctor
420,Anestassia,Leifeste,Anestassia.Leifeste@yopmail.com,Anestassia.Leifeste@gmail.com,police officer
421,Gloria,Publia,Gloria.Publia@yopmail.com,Gloria.Publia@gmail.com,police officer
422,Meriel,Greenwald,Meriel.Greenwald@yopmail.com,Meriel.Greenwald@gmail.com,firefighter
423,Amara,Desai,Amara.Desai@yopmail.com,Amara.Desai@gmail.com,firefighter
424,Bobinette,Marijo,Bobinette.Marijo@yopmail.com,Bobinette.Marijo@gmail.com,worker
425,Lynnea,Longfellow,Lynnea.Longfellow@yopmail.com,Lynnea.Longfellow@gmail.com,firefighter
426,Rivalee,Mauer,Rivalee.Mauer@yopmail.com,Rivalee.Mauer@gmail.com,firefighter
427,Sheelagh,Rozanna,Sheelagh.Rozanna@yopmail.com,Sheelagh.Rozanna@gmail.com,developer
428,Misha,Margret,Misha.Margret@yopmail.com,Misha.Margret@gmail.com,developer
429,Chandra,Parette,Chandra.Parette@yopmail.com,Chandra.Parette@gmail.com,firefighter
430,Libbie,Meter,Libbie.Meter@yopmail.com,Libbie.Meter@gmail.com,worker
431,Kirbee,Paine,Kirbee.Paine@yopmail.com,Kirbee.Paine@gmail.com,worker
432,Jean,Abernon,Jean.Abernon@yopmail.com,Jean.Abernon@gmail.com,doctor
433,Cacilie,Manolo,Cacilie.Manolo@yopmail.com,Cacilie.Manolo@gmail.com,worker
434,Gloria,Linehan,Gloria.Linehan@yopmail.com,Gloria.Linehan@gmail.com,firefighter
435,Madelle,Nikaniki,Madelle.Nikaniki@yopmail.com,Madelle.Nikaniki@gmail.com,developer
436,Hope,Lemuela,Hope.Lemuela@yopmail.com,Hope.Lemuela@gmail.com,doctor
437,Deirdre,Alfons,Deirdre.Alfons@yopmail.com,Deirdre.Alfons@gmail.com,developer
438,Talya,Sperling,Talya.Sperling@yopmail.com,Talya.Sperling@gmail.com,developer
439,Ivett,Yate,Ivett.Yate@yopmail.com,Ivett.Yate@gmail.com,police officer
440,Kate,Prouty,Kate.Prouty@yopmail.com,Kate.Prouty@gmail.com,firefighter
441,Aaren,Oneida,Aaren.Oneida@yopmail.com,Aaren.Oneida@gmail.com,firefighter
442,Calla,Bartlett,Calla.Bartlett@yopmail.com,Calla.Bartlett@gmail.com,doctor
443,Nita,Andrel,Nita.Andrel@yopmail.com,Nita.Andrel@gmail.com,firefighter
444,Estell,Byrne,Estell.Byrne@yopmail.com,Estell.Byrne@gmail.com,developer
445,Nanete,Stelle,Nanete.Stelle@yopmail.com,Nanete.Stelle@gmail.com,doctor
446,Kerrin,Ade,Kerrin.Ade@yopmail.com,Kerrin.Ade@gmail.com,doctor
447,Mary,Paine,Mary.Paine@yopmail.com,Mary.Paine@gmail.com,firefighter
448,Bobinette,Sallyann,Bobinette.Sallyann@yopmail.com,Bobinette.Sallyann@gmail.com,worker
449,Deedee,Alice,Deedee.Alice@yopmail.com,Deedee.Alice@gmail.com,worker
450,Millie,Arley,Millie.Arley@yopmail.com,Millie.Arley@gmail.com,developer
451,Maryellen,Meter,Maryellen.Meter@yopmail.com,Maryellen.Meter@gmail.com,worker
452,Cassondra,Nore,Cassondra.Nore@yopmail.com,Cassondra.Nore@gmail.com,doctor
453,Jenda,Viddah,Jenda.Viddah@yopmail.com,Jenda.Viddah@gmail.com,police officer
454,Deirdre,Adlare,Deirdre.Adlare@yopmail.com,Deirdre.Adlare@gmail.com,police officer
455,Netty,Johnsson,Netty.Johnsson@yopmail.com,Netty.Johnsson@gmail.com,police officer
456,Belva,Billye,Belva.Billye@yopmail.com,Belva.Billye@gmail.com,developer
457,Lexine,Harriman,Lexine.Harriman@yopmail.com,Lexine.Harriman@gmail.com,firefighter
458,Mathilda,Berne,Mathilda.Berne@yopmail.com,Mathilda.Berne@gmail.com,doctor
459,Cindelyn,Jillane,Cindelyn.Jillane@yopmail.com,Cindelyn.Jillane@gmail.com,firefighter
460,Dyann,Standing,Dyann.Standing@yopmail.com,Dyann.Standing@gmail.com,firefighter
461,Sara-Ann,Orelee,Sara-Ann.Orelee@yopmail.com,Sara-Ann.Orelee@gmail.com,developer
462,Emylee,Lea,Emylee.Lea@yopmail.com,Emylee.Lea@gmail.com,developer
463,Raf,Hunfredo,Raf.Hunfredo@yopmail.com,Raf.Hunfredo@gmail.com,developer
464,Tybie,Primalia,Tybie.Primalia@yopmail.com,Tybie.Primalia@gmail.com,firefighter
465,Jasmina,Lewes,Jasmina.Lewes@yopmail.com,Jasmina.Lewes@gmail.com,developer
466,Dotty,Wandie,Dotty.Wandie@yopmail.com,Dotty.Wandie@gmail.com,police officer
467,Emelina,Darrell,Emelina.Darrell@yopmail.com,Emelina.Darrell@gmail.com,police officer
468,Tarra,Bohlin,Tarra.Bohlin@yopmail.com,Tarra.Bohlin@gmail.com,developer
469,Shandie,Tengdin,Shandie.Tengdin@yopmail.com,Shandie.Tengdin@gmail.com,developer
470,Eugine,O'Neill,Eugine.O'Neill@yopmail.com,Eugine.O'Neill@gmail.com,doctor
471,Morganica,Hubert,Morganica.Hubert@yopmail.com,Morganica.Hubert@gmail.com,doctor
472,Noelle,Eugenia,Noelle.Eugenia@yopmail.com,Noelle.Eugenia@gmail.com,police officer
473,Sallie,Raffo,Sallie.Raffo@yopmail.com,Sallie.Raffo@gmail.com,firefighter
474,Kara-Lynn,Cherianne,Kara-Lynn.Cherianne@yopmail.com,Kara-Lynn.Cherianne@gmail.com,worker
475,Tina,Weide,Tina.Weide@yopmail.com,Tina.Weide@gmail.com,doctor
476,Gilda,Iphlgenia,Gilda.Iphlgenia@yopmail.com,Gilda.Iphlgenia@gmail.com,police officer
477,Elora,Evvie,Elora.Evvie@yopmail.com,Elora.Evvie@gmail.com,developer
478,Penelopa,Kaete,Penelopa.Kaete@yopmail.com,Penelopa.Kaete@gmail.com,doctor
479,Sharai,Love,Sharai.Love@yopmail.com,Sharai.Love@gmail.com,firefighter
480,Stevana,Danby,Stevana.Danby@yopmail.com,Stevana.Danby@gmail.com,firefighter
481,Dotty,Alarise,Dotty.Alarise@yopmail.com,Dotty.Alarise@gmail.com,developer
482,Bernie,Reinke,Bernie.Reinke@yopmail.com,Bernie.Reinke@gmail.com,developer
483,Viki,Suzetta,Viki.Suzetta@yopmail.com,Viki.Suzetta@gmail.com,police officer
484,Nita,Merat,Nita.Merat@yopmail.com,Nita.Merat@gmail.com,developer
485,Letizia,Gino,Letizia.Gino@yopmail.com,Letizia.Gino@gmail.com,police officer
486,Sibella,Modie,Sibella.Modie@yopmail.com,Sibella.Modie@gmail.com,firefighter
487,Sabina,Garlinda,Sabina.Garlinda@yopmail.com,Sabina.Garlinda@gmail.com,doctor
488,Judy,Girardo,Judy.Girardo@yopmail.com,Judy.Girardo@gmail.com,firefighter
489,Orsola,Seumas,Orsola.Seumas@yopmail.com,Orsola.Seumas@gmail.com,doctor
490,Feliza,Zrike,Feliza.Zrike@yopmail.com,Feliza.Zrike@gmail.com,developer
491,Basia,Chapland,Basia.Chapland@yopmail.com,Basia.Chapland@gmail.com,firefighter
492,Robbi,Thunell,Robbi.Thunell@yopmail.com,Robbi.Thunell@gmail.com,doctor
493,Deloria,Bonucci,Deloria.Bonucci@yopmail.com,Deloria.Bonucci@gmail.com,police officer
494,Larine,Yuille,Larine.Yuille@yopmail.com,Larine.Yuille@gmail.com,firefighter
495,Jany,Callista,Jany.Callista@yopmail.com,Jany.Callista@gmail.com,worker
496,Gabriellia,Bonilla,Gabriellia.Bonilla@yopmail.com,Gabriellia.Bonilla@gmail.com,firefighter
497,Jerry,Durware,Jerry.Durware@yopmail.com,Jerry.Durware@gmail.com,firefighter
498,Brena,Hamil,Brena.Hamil@yopmail.com,Brena.Hamil@gmail.com,police officer
499,Pollyanna,Macey,Pollyanna.Macey@yopmail.com,Pollyanna.Macey@gmail.com,doctor
500,Ariela,Alwin,Ariela.Alwin@yopmail.com,Ariela.Alwin@gmail.com,firefighter
501,Misha,Kesley,Misha.Kesley@yopmail.com,Misha.Kesley@gmail.com,developer
502,Dale,Shuler,Dale.Shuler@yopmail.com,Dale.Shuler@gmail.com,firefighter
503,Shaine,Roscoe,Shaine.Roscoe@yopmail.com,Shaine.Roscoe@gmail.com,firefighter
504,Monika,Ferino,Monika.Ferino@yopmail.com,Monika.Ferino@gmail.com,police officer
505,Maye,Darrell,Maye.Darrell@yopmail.com,Maye.Darrell@gmail.com,worker
506,Tarra,Ariella,Tarra.Ariella@yopmail.com,Tarra.Ariella@gmail.com,doctor
507,Janey,Verger,Janey.Verger@yopmail.com,Janey.Verger@gmail.com,police officer
508,Lexine,Sammons,Lexine.Sammons@yopmail.com,Lexine.Sammons@gmail.com,doctor
509,Abbie,Naor,Abbie.Naor@yopmail.com,Abbie.Naor@gmail.com,worker
510,Rebeca,Natalia,Rebeca.Natalia@yopmail.com,Rebeca.Natalia@gmail.com,police officer
511,Tracey,Elbertina,Tracey.Elbertina@yopmail.com,Tracey.Elbertina@gmail.com,police officer
512,Melanie,Celestine,Melanie.Celestine@yopmail.com,Melanie.Celestine@gmail.com,police officer
513,Augustine,August,Augustine.August@yopmail.com,Augustine.August@gmail.com,worker
514,Ezmeralda,Lewes,Ezmeralda.Lewes@yopmail.com,Ezmeralda.Lewes@gmail.com,police officer
515,Nerta,Orelee,Nerta.Orelee@yopmail.com,Nerta.Orelee@gmail.com,developer
516,Tori,Medrek,Tori.Medrek@yopmail.com,Tori.Medrek@gmail.com,police officer
517,Jaclyn,Wenoa,Jaclyn.Wenoa@yopmail.com,Jaclyn.Wenoa@gmail.com,firefighter
518,Almeta,Amadas,Almeta.Amadas@yopmail.com,Almeta.Amadas@gmail.com,firefighter
519,Vere,Rolf,Vere.Rolf@yopmail.com,Vere.Rolf@gmail.com,developer
520,Lorne,Arley,Lorne.Arley@yopmail.com,Lorne.Arley@gmail.com,police officer
521,Orelia,Vivle,Orelia.Vivle@yopmail.com,Orelia.Vivle@gmail.com,doctor
522,Selma,Adore,Selma.Adore@yopmail.com,Selma.Adore@gmail.com,developer
523,Sarette,Leler,Sarette.Leler@yopmail.com,Sarette.Leler@gmail.com,police officer
524,Jillayne,Sheedy,Jillayne.Sheedy@yopmail.com,Jillayne.Sheedy@gmail.com,worker
525,Orsola,Pierette,Orsola.Pierette@yopmail.com,Orsola.Pierette@gmail.com,worker
526,Kirstin,Bohlin,Kirstin.Bohlin@yopmail.com,Kirstin.Bohlin@gmail.com,doctor
527,Lita,Taam,Lita.Taam@yopmail.com,Lita.Taam@gmail.com,developer
528,Albertina,Tacye,Albertina.Tacye@yopmail.com,Albertina.Tacye@gmail.com,doctor
529,Brynna,Dreda,Brynna.Dreda@yopmail.com,Brynna.Dreda@gmail.com,doctor
530,Emylee,Parsaye,Emylee.Parsaye@yopmail.com,Emylee.Parsaye@gmail.com,doctor
531,Correy,Arne,Correy.Arne@yopmail.com,Correy.Arne@gmail.com,worker
532,Dotty,Bryna,Dotty.Bryna@yopmail.com,Dotty.Bryna@gmail.com,developer
533,Gwenneth,Byrne,Gwenneth.Byrne@yopmail.com,Gwenneth.Byrne@gmail.com,firefighter
534,Amalie,Yuille,Amalie.Yuille@yopmail.com,Amalie.Yuille@gmail.com,firefighter
535,Elfreda,Germann,Elfreda.Germann@yopmail.com,Elfreda.Germann@gmail.com,doctor
536,Aurelie,Orlene,Aurelie.Orlene@yopmail.com,Aurelie.Orlene@gmail.com,firefighter
537,Jennica,Diogenes,Jennica.Diogenes@yopmail.com,Jennica.Diogenes@gmail.com,developer
538,Cam,Armanda,Cam.Armanda@yopmail.com,Cam.Armanda@gmail.com,firefighter
539,Sybille,Sekofski,Sybille.Sekofski@yopmail.com,Sybille.Sekofski@gmail.com,doctor
540,Sheelagh,Karl,Sheelagh.Karl@yopmail.com,Sheelagh.Karl@gmail.com,worker
541,Karolina,Lail,Karolina.Lail@yopmail.com,Karolina.Lail@gmail.com,firefighter
542,Joelly,Mauer,Joelly.Mauer@yopmail.com,Joelly.Mauer@gmail.com,developer
543,Elbertina,Oster,Elbertina.Oster@yopmail.com,Elbertina.Oster@gmail.com,police officer
544,Elvira,Erskine,Elvira.Erskine@yopmail.com,Elvira.Erskine@gmail.com,developer
545,Aili,Ricki,Aili.Ricki@yopmail.com,Aili.Ricki@gmail.com,doctor
546,Kassey,Stoller,Kassey.Stoller@yopmail.com,Kassey.Stoller@gmail.com,doctor
547,Cyb,Bonilla,Cyb.Bonilla@yopmail.com,Cyb.Bonilla@gmail.com,doctor
548,Priscilla,Trey,Priscilla.Trey@yopmail.com,Priscilla.Trey@gmail.com,doctor
549,Nanete,Gherardo,Nanete.Gherardo@yopmail.com,Nanete.Gherardo@gmail.com,doctor
550,Cissiee,McLaughlin,Cissiee.McLaughlin@yopmail.com,Cissiee.McLaughlin@gmail.com,doctor
551,Elfreda,Revkah,Elfreda.Revkah@yopmail.com,Elfreda.Revkah@gmail.com,doctor
552,Jessy,Olin,Jessy.Olin@yopmail.com,Jessy.Olin@gmail.com,police officer
553,Sybille,Turne,Sybille.Turne@yopmail.com,Sybille.Turne@gmail.com,worker
554,Madeleine,Ciapas,Madeleine.Ciapas@yopmail.com,Madeleine.Ciapas@gmail.com,police officer
555,Zsa Zsa,Podvin,Zsa Zsa.Podvin@yopmail.com,Zsa Zsa.Podvin@gmail.com,firefighter
556,Roz,Zachary,Roz.Zachary@yopmail.com,Roz.Zachary@gmail.com,developer
557,Mellicent,Miru,Mellicent.Miru@yopmail.com,Mellicent.Miru@gmail.com,doctor
558,Ursulina,Izaak,Ursulina.Izaak@yopmail.com,Ursulina.Izaak@gmail.com,developer
559,Tatiania,Malvino,Tatiania.Malvino@yopmail.com,Tatiania.Malvino@gmail.com,worker
560,Phylis,Vittoria,Phylis.Vittoria@yopmail.com,Phylis.Vittoria@gmail.com,worker
561,Oralee,Santoro,Oralee.Santoro@yopmail.com,Oralee.Santoro@gmail.com,doctor
562,Rosabelle,Belanger,Rosabelle.Belanger@yopmail.com,Rosabelle.Belanger@gmail.com,doctor
563,Carolina,Damarra,Carolina.Damarra@yopmail.com,Carolina.Damarra@gmail.com,police officer
564,Leeanne,Peg,Leeanne.Peg@yopmail.com,Leeanne.Peg@gmail.com,firefighter
565,Teriann,Chrystel,Teriann.Chrystel@yopmail.com,Teriann.Chrystel@gmail.com,police officer
566,Andree,Hartnett,Andree.Hartnett@yopmail.com,Andree.Hartnett@gmail.com,doctor
567,Dania,Germann,Dania.Germann@yopmail.com,Dania.Germann@gmail.com,doctor
568,Hermione,Edvard,Hermione.Edvard@yopmail.com,Hermione.Edvard@gmail.com,worker
569,Lusa,Pacorro,Lusa.Pacorro@yopmail.com,Lusa.Pacorro@gmail.com,worker
570,Susette,Chaing,Susette.Chaing@yopmail.com,Susette.Chaing@gmail.com,developer
571,Madelle,Gale,Madelle.Gale@yopmail.com,Madelle.Gale@gmail.com,police officer
572,Bernardine,Daegal,Bernardine.Daegal@yopmail.com,Bernardine.Daegal@gmail.com,worker
573,Lulita,Garek,Lulita.Garek@yopmail.com,Lulita.Garek@gmail.com,worker
574,Gui,Burkle,Gui.Burkle@yopmail.com,Gui.Burkle@gmail.com,worker
575,Sherrie,Leopold,Sherrie.Leopold@yopmail.com,Sherrie.Leopold@gmail.com,developer
576,Shannah,Sammons,Shannah.Sammons@yopmail.com,Shannah.Sammons@gmail.com,police officer
577,Allis,Lea,Allis.Lea@yopmail.com,Allis.Lea@gmail.com,developer
578,Merci,Hebner,Merci.Hebner@yopmail.com,Merci.Hebner@gmail.com,doctor
579,Leanna,Borrell,Leanna.Borrell@yopmail.com,Leanna.Borrell@gmail.com,doctor
580,Malina,Cosenza,Malina.Cosenza@yopmail.com,Malina.Cosenza@gmail.com,firefighter
581,Charissa,Ellerey,Charissa.Ellerey@yopmail.com,Charissa.Ellerey@gmail.com,doctor
582,Fayre,Truc,Fayre.Truc@yopmail.com,Fayre.Truc@gmail.com,firefighter
583,Mureil,Alexandr,Mureil.Alexandr@yopmail.com,Mureil.Alexandr@gmail.com,doctor
584,Therine,Denis,Therine.Denis@yopmail.com,Therine.Denis@gmail.com,police officer
585,Jorry,Casimir,Jorry.Casimir@yopmail.com,Jorry.Casimir@gmail.com,firefighter
586,Sheelagh,Rogerio,Sheelagh.Rogerio@yopmail.com,Sheelagh.Rogerio@gmail.com,police officer
587,Kary,Aurelio,Kary.Aurelio@yopmail.com,Kary.Aurelio@gmail.com,developer
588,Lynnea,Fiester,Lynnea.Fiester@yopmail.com,Lynnea.Fiester@gmail.com,doctor
589,Jacquetta,Bebe,Jacquetta.Bebe@yopmail.com,Jacquetta.Bebe@gmail.com,developer
590,Caryl,Lacombe,Caryl.Lacombe@yopmail.com,Caryl.Lacombe@gmail.com,worker
591,Natka,Vary,Natka.Vary@yopmail.com,Natka.Vary@gmail.com,developer
592,Merrie,Pillsbury,Merrie.Pillsbury@yopmail.com,Merrie.Pillsbury@gmail.com,worker
593,Valera,Amasa,Valera.Amasa@yopmail.com,Valera.Amasa@gmail.com,firefighter
594,Rochette,Orelee,Rochette.Orelee@yopmail.com,Rochette.Orelee@gmail.com,worker
595,Glenda,Elsinore,Glenda.Elsinore@yopmail.com,Glenda.Elsinore@gmail.com,police officer
596,Aurelie,Alwin,Aurelie.Alwin@yopmail.com,Aurelie.Alwin@gmail.com,developer
597,Celestyna,Andrel,Celestyna.Andrel@yopmail.com,Celestyna.Andrel@gmail.com,developer
598,Bill,Knowling,Bill.Knowling@yopmail.com,Bill.Knowling@gmail.com,developer
599,Julieta,Fiann,Julieta.Fiann@yopmail.com,Julieta.Fiann@gmail.com,doctor
600,Charmaine,Astra,Charmaine.Astra@yopmail.com,Charmaine.Astra@gmail.com,worker
601,Hope,Rebecka,Hope.Rebecka@yopmail.com,Hope.Rebecka@gmail.com,worker
602,Stevana,Maisey,Stevana.Maisey@yopmail.com,Stevana.Maisey@gmail.com,doctor
603,Annecorinne,Toor,Annecorinne.Toor@yopmail.com,Annecorinne.Toor@gmail.com,doctor
604,Sadie,Lamoree,Sadie.Lamoree@yopmail.com,Sadie.Lamoree@gmail.com,police officer
605,Rosanne,Killigrew,Rosanne.Killigrew@yopmail.com,Rosanne.Killigrew@gmail.com,police officer
606,Jsandye,Elisha,Jsandye.Elisha@yopmail.com,Jsandye.Elisha@gmail.com,police officer
607,Liana,Pacorro,Liana.Pacorro@yopmail.com,Liana.Pacorro@gmail.com,worker
608,Nyssa,Cloris,Nyssa.Cloris@yopmail.com,Nyssa.Cloris@gmail.com,police officer
609,Aimil,Sisile,Aimil.Sisile@yopmail.com,Aimil.Sisile@gmail.com,worker
610,Keelia,Zeeba,Keelia.Zeeba@yopmail.com,Keelia.Zeeba@gmail.com,developer
611,Annice,Bendick,Annice.Bendick@yopmail.com,Annice.Bendick@gmail.com,worker
612,Aubrie,Bashemeth,Aubrie.Bashemeth@yopmail.com,Aubrie.Bashemeth@gmail.com,firefighter
613,Philis,Lytton,Philis.Lytton@yopmail.com,Philis.Lytton@gmail.com,police officer
614,Lanae,Masao,Lanae.Masao@yopmail.com,Lanae.Masao@gmail.com,firefighter
615,Dianemarie,Seligman,Dianemarie.Seligman@yopmail.com,Dianemarie.Seligman@gmail.com,police officer
616,Kristina,Roarke,Kristina.Roarke@yopmail.com,Kristina.Roarke@gmail.com,firefighter
617,Emelina,Valoniah,Emelina.Valoniah@yopmail.com,Emelina.Valoniah@gmail.com,doctor
618,Chrystel,Carolin,Chrystel.Carolin@yopmail.com,Chrystel.Carolin@gmail.com,doctor
619,Lisette,Corilla,Lisette.Corilla@yopmail.com,Lisette.Corilla@gmail.com,doctor
620,Etta,Nance,Etta.Nance@yopmail.com,Etta.Nance@gmail.com,doctor
621,Juliane,Lay,Juliane.Lay@yopmail.com,Juliane.Lay@gmail.com,worker
622,Betta,Cosenza,Betta.Cosenza@yopmail.com,Betta.Cosenza@gmail.com,firefighter
623,Myriam,Pandolfi,Myriam.Pandolfi@yopmail.com,Myriam.Pandolfi@gmail.com,doctor
624,Alyssa,Friede,Alyssa.Friede@yopmail.com,Alyssa.Friede@gmail.com,firefighter
625,Dione,Raffo,Dione.Raffo@yopmail.com,Dione.Raffo@gmail.com,worker
626,Mary,Killigrew,Mary.Killigrew@yopmail.com,Mary.Killigrew@gmail.com,developer
627,Harmonia,Atonsah,Harmonia.Atonsah@yopmail.com,Harmonia.Atonsah@gmail.com,worker
628,Georgina,Podvin,Georgina.Podvin@yopmail.com,Georgina.Podvin@gmail.com,police officer
629,Frank,Urania,Frank.Urania@yopmail.com,Frank.Urania@gmail.com,firefighter
630,Marcelline,Parsaye,Marcelline.Parsaye@yopmail.com,Marcelline.Parsaye@gmail.com,developer
631,Calla,Glenden,Calla.Glenden@yopmail.com,Calla.Glenden@gmail.com,police officer
632,Ethel,Clarissa,Ethel.Clarissa@yopmail.com,Ethel.Clarissa@gmail.com,developer
633,Ashlee,Naashom,Ashlee.Naashom@yopmail.com,Ashlee.Naashom@gmail.com,developer
634,Phylis,Gemini,Phylis.Gemini@yopmail.com,Phylis.Gemini@gmail.com,doctor
635,Selma,Lindemann,Selma.Lindemann@yopmail.com,Selma.Lindemann@gmail.com,police officer
636,Hayley,Teryn,Hayley.Teryn@yopmail.com,Hayley.Teryn@gmail.com,firefighter
637,Silvana,Halsey,Silvana.Halsey@yopmail.com,Silvana.Halsey@gmail.com,worker
638,Alie,Weide,Alie.Weide@yopmail.com,Alie.Weide@gmail.com,doctor
639,Marita,Sinegold,Marita.Sinegold@yopmail.com,Marita.Sinegold@gmail.com,doctor
640,Genevra,Fredi,Genevra.Fredi@yopmail.com,Genevra.Fredi@gmail.com,doctor
641,Ingrid,Anestassia,Ingrid.Anestassia@yopmail.com,Ingrid.Anestassia@gmail.com,worker
642,Anica,Maisey,Anica.Maisey@yopmail.com,Anica.Maisey@gmail.com,police officer
643,Nadine,Kirbee,Nadine.Kirbee@yopmail.com,Nadine.Kirbee@gmail.com,worker
644,Tobe,Behre,Tobe.Behre@yopmail.com,Tobe.Behre@gmail.com,developer
645,Dolli,Bivins,Dolli.Bivins@yopmail.com,Dolli.Bivins@gmail.com,police officer
646,Nananne,Adamsen,Nananne.Adamsen@yopmail.com,Nananne.Adamsen@gmail.com,worker
647,Dulcinea,Lynn,Dulcinea.Lynn@yopmail.com,Dulcinea.Lynn@gmail.com,police officer
648,Gabriellia,Laurianne,Gabriellia.Laurianne@yopmail.com,Gabriellia.Laurianne@gmail.com,firefighter
649,Brooks,Rheingold,Brooks.Rheingold@yopmail.com,Brooks.Rheingold@gmail.com,doctor
650,Linzy,Stav,Linzy.Stav@yopmail.com,Linzy.Stav@gmail.com,firefighter
651,Chastity,Dahlia,Chastity.Dahlia@yopmail.com,Chastity.Dahlia@gmail.com,worker
652,Dione,Destinee,Dione.Destinee@yopmail.com,Dione.Destinee@gmail.com,worker
653,Sabina,Bevin,Sabina.Bevin@yopmail.com,Sabina.Bevin@gmail.com,developer
654,Mariann,Raseda,Mariann.Raseda@yopmail.com,Mariann.Raseda@gmail.com,firefighter
655,Augustine,Atcliffe,Augustine.Atcliffe@yopmail.com,Augustine.Atcliffe@gmail.com,doctor
656,Jean,Palocz,Jean.Palocz@yopmail.com,Jean.Palocz@gmail.com,police officer
657,Carly,Cloris,Carly.Cloris@yopmail.com,Carly.Cloris@gmail.com,developer
658,Monika,Daveta,Monika.Daveta@yopmail.com,Monika.Daveta@gmail.com,doctor
659,Christy,Dunkin,Christy.Dunkin@yopmail.com,Christy.Dunkin@gmail.com,firefighter
660,Elise,Dorcy,Elise.Dorcy@yopmail.com,Elise.Dorcy@gmail.com,police officer
661,Yetty,Vharat,Yetty.Vharat@yopmail.com,Yetty.Vharat@gmail.com,doctor
662,Daphne,Chesna,Daphne.Chesna@yopmail.com,Daphne.Chesna@gmail.com,police officer
663,Marika,Erlandson,Marika.Erlandson@yopmail.com,Marika.Erlandson@gmail.com,doctor
664,Ingrid,Pulsifer,Ingrid.Pulsifer@yopmail.com,Ingrid.Pulsifer@gmail.com,worker
665,Katleen,Korey,Katleen.Korey@yopmail.com,Katleen.Korey@gmail.com,developer
666,Rozele,Maisey,Rozele.Maisey@yopmail.com,Rozele.Maisey@gmail.com,police officer
667,Maridel,Remmer,Maridel.Remmer@yopmail.com,Maridel.Remmer@gmail.com,firefighter
668,Max,Peti,Max.Peti@yopmail.com,Max.Peti@gmail.com,doctor
669,Candi,Emerson,Candi.Emerson@yopmail.com,Candi.Emerson@gmail.com,worker
670,Renie,Kellby,Renie.Kellby@yopmail.com,Renie.Kellby@gmail.com,developer
671,Katharina,Primalia,Katharina.Primalia@yopmail.com,Katharina.Primalia@gmail.com,developer
672,Lacie,Yerkovich,Lacie.Yerkovich@yopmail.com,Lacie.Yerkovich@gmail.com,firefighter
673,Olivette,Artie,Olivette.Artie@yopmail.com,Olivette.Artie@gmail.com,worker
674,Charissa,Roarke,Charissa.Roarke@yopmail.com,Charissa.Roarke@gmail.com,firefighter
675,Bernardine,Roxanna,Bernardine.Roxanna@yopmail.com,Bernardine.Roxanna@gmail.com,worker
676,Neila,Baudin,Neila.Baudin@yopmail.com,Neila.Baudin@gmail.com,firefighter
677,Mariann,O'Neill,Mariann.O'Neill@yopmail.com,Mariann.O'Neill@gmail.com,doctor
678,Gilligan,Seligman,Gilligan.Seligman@yopmail.com,Gilligan.Seligman@gmail.com,doctor
679,Barbi,Pattin,Barbi.Pattin@yopmail.com,Barbi.Pattin@gmail.com,worker
680,Marinna,Roumell,Marinna.Roumell@yopmail.com,Marinna.Roumell@gmail.com,police officer
681,Audrie,Thomasina,Audrie.Thomasina@yopmail.com,Audrie.Thomasina@gmail.com,worker
682,Paulita,Magnolia,Paulita.Magnolia@yopmail.com,Paulita.Magnolia@gmail.com,firefighter
683,Shell,Modie,Shell.Modie@yopmail.com,Shell.Modie@gmail.com,police officer
684,Carlie,Alice,Carlie.Alice@yopmail.com,Carlie.Alice@gmail.com,firefighter
685,Dennie,Faso,Dennie.Faso@yopmail.com,Dennie.Faso@gmail.com,worker
686,Corly,Bobbee,Corly.Bobbee@yopmail.com,Corly.Bobbee@gmail.com,developer
687,Mireielle,Donell,Mireielle.Donell@yopmail.com,Mireielle.Donell@gmail.com,developer
688,Mariann,Hutchison,Mariann.Hutchison@yopmail.com,Mariann.Hutchison@gmail.com,doctor
689,Isa,Colp,Isa.Colp@yopmail.com,Isa.Colp@gmail.com,firefighter
690,Kary,Orpah,Kary.Orpah@yopmail.com,Kary.Orpah@gmail.com,firefighter
691,Flory,Estella,Flory.Estella@yopmail.com,Flory.Estella@gmail.com,worker
692,Nelle,Cavan,Nelle.Cavan@yopmail.com,Nelle.Cavan@gmail.com,police officer
693,Gaylene,Angelis,Gaylene.Angelis@yopmail.com,Gaylene.Angelis@gmail.com,firefighter
694,Linet,Scammon,Linet.Scammon@yopmail.com,Linet.Scammon@gmail.com,firefighter
695,Sara-Ann,Cecile,Sara-Ann.Cecile@yopmail.com,Sara-Ann.Cecile@gmail.com,firefighter
696,Neila,Rocray,Neila.Rocray@yopmail.com,Neila.Rocray@gmail.com,doctor
697,Carmela,Dominy,Carmela.Dominy@yopmail.com,Carmela.Dominy@gmail.com,doctor
698,Florencia,Vastah,Florencia.Vastah@yopmail.com,Florencia.Vastah@gmail.com,developer
699,Arlena,Seagraves,Arlena.Seagraves@yopmail.com,Arlena.Seagraves@gmail.com,doctor
700,Tera,Socha,Tera.Socha@yopmail.com,Tera.Socha@gmail.com,doctor
701,Estell,Schalles,Estell.Schalles@yopmail.com,Estell.Schalles@gmail.com,worker
702,Shauna,Charmine,Shauna.Charmine@yopmail.com,Shauna.Charmine@gmail.com,worker
703,Jessamyn,O'Rourke,Jessamyn.O'Rourke@yopmail.com,Jessamyn.O'Rourke@gmail.com,worker
704,Audrie,Schonfeld,Audrie.Schonfeld@yopmail.com,Audrie.Schonfeld@gmail.com,firefighter
705,Celisse,Ciapas,Celisse.Ciapas@yopmail.com,Celisse.Ciapas@gmail.com,doctor
706,Ursulina,Erminia,Ursulina.Erminia@yopmail.com,Ursulina.Erminia@gmail.com,doctor
707,Merry,Tyson,Merry.Tyson@yopmail.com,Merry.Tyson@gmail.com,developer
708,Monika,Dituri,Monika.Dituri@yopmail.com,Monika.Dituri@gmail.com,developer
709,Kore,Malvino,Kore.Malvino@yopmail.com,Kore.Malvino@gmail.com,firefighter
710,Lulita,Fabiola,Lulita.Fabiola@yopmail.com,Lulita.Fabiola@gmail.com,firefighter
711,Trudie,Kussell,Trudie.Kussell@yopmail.com,Trudie.Kussell@gmail.com,doctor
712,Roxane,Concha,Roxane.Concha@yopmail.com,Roxane.Concha@gmail.com,police officer
713,Emma,Boycey,Emma.Boycey@yopmail.com,Emma.Boycey@gmail.com,doctor
714,Gaylene,Klemperer,Gaylene.Klemperer@yopmail.com,Gaylene.Klemperer@gmail.com,worker
715,Veda,Bow,Veda.Bow@yopmail.com,Veda.Bow@gmail.com,firefighter
716,Arlena,Kolnick,Arlena.Kolnick@yopmail.com,Arlena.Kolnick@gmail.com,developer
717,Madeleine,Baptlsta,Madeleine.Baptlsta@yopmail.com,Madeleine.Baptlsta@gmail.com,developer
718,Cathie,Ummersen,Cathie.Ummersen@yopmail.com,Cathie.Ummersen@gmail.com,developer
719,Rhoda,Chabot,Rhoda.Chabot@yopmail.com,Rhoda.Chabot@gmail.com,firefighter
720,Harrietta,Faro,Harrietta.Faro@yopmail.com,Harrietta.Faro@gmail.com,developer
721,Wileen,Kenwood,Wileen.Kenwood@yopmail.com,Wileen.Kenwood@gmail.com,firefighter
722,Lauryn,Gavrila,Lauryn.Gavrila@yopmail.com,Lauryn.Gavrila@gmail.com,firefighter
723,Evita,Shanley,Evita.Shanley@yopmail.com,Evita.Shanley@gmail.com,worker
724,Rozele,Arne,Rozele.Arne@yopmail.com,Rozele.Arne@gmail.com,developer
725,Peri,Joachim,Peri.Joachim@yopmail.com,Peri.Joachim@gmail.com,developer
726,Catharine,Diann,Catharine.Diann@yopmail.com,Catharine.Diann@gmail.com,doctor
727,Dede,Kaete,Dede.Kaete@yopmail.com,Dede.Kaete@gmail.com,police officer
728,Helsa,Tamsky,Helsa.Tamsky@yopmail.com,Helsa.Tamsky@gmail.com,firefighter
729,Chastity,Garrison,Chastity.Garrison@yopmail.com,Chastity.Garrison@gmail.com,police officer
730,Sonni,Carey,Sonni.Carey@yopmail.com,Sonni.Carey@gmail.com,firefighter
731,Konstance,Michella,Konstance.Michella@yopmail.com,Konstance.Michella@gmail.com,police officer
732,Kittie,Dermott,Kittie.Dermott@yopmail.com,Kittie.Dermott@gmail.com,police officer
733,Charissa,Carlson,Charissa.Carlson@yopmail.com,Charissa.Carlson@gmail.com,doctor
734,Amalie,Norvol,Amalie.Norvol@yopmail.com,Amalie.Norvol@gmail.com,worker
735,Mireielle,Lia,Mireielle.Lia@yopmail.com,Mireielle.Lia@gmail.com,police officer
736,Marcelline,August,Marcelline.August@yopmail.com,Marcelline.August@gmail.com,police officer
737,Kamilah,Wareing,Kamilah.Wareing@yopmail.com,Kamilah.Wareing@gmail.com,police officer
738,Eugine,Salchunas,Eugine.Salchunas@yopmail.com,Eugine.Salchunas@gmail.com,firefighter
739,Alex,Frodi,Alex.Frodi@yopmail.com,Alex.Frodi@gmail.com,developer
740,Albertina,Christal,Albertina.Christal@yopmail.com,Albertina.Christal@gmail.com,firefighter
741,Gale,Colyer,Gale.Colyer@yopmail.com,Gale.Colyer@gmail.com,doctor
742,Ermengarde,Hollingsworth,Ermengarde.Hollingsworth@yopmail.com,Ermengarde.Hollingsworth@gmail.com,doctor
743,Marcy,Vins,Marcy.Vins@yopmail.com,Marcy.Vins@gmail.com,police officer
744,Nita,Gilbertson,Nita.Gilbertson@yopmail.com,Nita.Gilbertson@gmail.com,worker
745,Susette,Geffner,Susette.Geffner@yopmail.com,Susette.Geffner@gmail.com,worker
746,Lelah,Joni,Lelah.Joni@yopmail.com,Lelah.Joni@gmail.com,police officer
747,Joeann,Daegal,Joeann.Daegal@yopmail.com,Joeann.Daegal@gmail.com,developer
748,Gratia,Zaslow,Gratia.Zaslow@yopmail.com,Gratia.Zaslow@gmail.com,developer
749,Fayre,Bury,Fayre.Bury@yopmail.com,Fayre.Bury@gmail.com,developer
750,Joane,Cristi,Joane.Cristi@yopmail.com,Joane.Cristi@gmail.com,developer
751,Damaris,Sholley,Damaris.Sholley@yopmail.com,Damaris.Sholley@gmail.com,developer
752,Jillayne,Wadell,Jillayne.Wadell@yopmail.com,Jillayne.Wadell@gmail.com,doctor
753,Vonny,Baudin,Vonny.Baudin@yopmail.com,Vonny.Baudin@gmail.com,firefighter
754,Kara-Lynn,Primalia,Kara-Lynn.Primalia@yopmail.com,Kara-Lynn.Primalia@gmail.com,police officer
755,Celisse,Winthorpe,Celisse.Winthorpe@yopmail.com,Celisse.Winthorpe@gmail.com,firefighter
756,Leia,Fillbert,Leia.Fillbert@yopmail.com,Leia.Fillbert@gmail.com,police officer
757,Janey,Adlare,Janey.Adlare@yopmail.com,Janey.Adlare@gmail.com,police officer
758,Annaliese,Pierette,Annaliese.Pierette@yopmail.com,Annaliese.Pierette@gmail.com,worker
759,Annice,Docilla,Annice.Docilla@yopmail.com,Annice.Docilla@gmail.com,developer
760,Ruthe,Screens,Ruthe.Screens@yopmail.com,Ruthe.Screens@gmail.com,firefighter
761,Dorothy,Posner,Dorothy.Posner@yopmail.com,Dorothy.Posner@gmail.com,firefighter
762,Darlleen,Dahlia,Darlleen.Dahlia@yopmail.com,Darlleen.Dahlia@gmail.com,police officer
763,Candy,McCutcheon,Candy.McCutcheon@yopmail.com,Candy.McCutcheon@gmail.com,police officer
764,Gui,Stanwood,Gui.Stanwood@yopmail.com,Gui.Stanwood@gmail.com,worker
765,Maye,Prouty,Maye.Prouty@yopmail.com,Maye.Prouty@gmail.com,firefighter
766,Annaliese,Krystle,Annaliese.Krystle@yopmail.com,Annaliese.Krystle@gmail.com,firefighter
767,Hermione,Darrell,Hermione.Darrell@yopmail.com,Hermione.Darrell@gmail.com,police officer
768,Cecile,Lia,Cecile.Lia@yopmail.com,Cecile.Lia@gmail.com,police officer
769,Hildegaard,Burch,Hildegaard.Burch@yopmail.com,Hildegaard.Burch@gmail.com,doctor
770,Mignon,Kesley,Mignon.Kesley@yopmail.com,Mignon.Kesley@gmail.com,worker
771,Annora,Catie,Annora.Catie@yopmail.com,Annora.Catie@gmail.com,police officer
772,Hannis,Si,Hannis.Si@yopmail.com,Hannis.Si@gmail.com,developer
773,Ellette,Fabiola,Ellette.Fabiola@yopmail.com,Ellette.Fabiola@gmail.com,police officer
774,Brana,Aloise,Brana.Aloise@yopmail.com,Brana.Aloise@gmail.com,developer
775,Gerrie,Karna,Gerrie.Karna@yopmail.com,Gerrie.Karna@gmail.com,worker
776,Corina,Vorster,Corina.Vorster@yopmail.com,Corina.Vorster@gmail.com,doctor
777,Winifred,Shelba,Winifred.Shelba@yopmail.com,Winifred.Shelba@gmail.com,doctor
778,Roslyn,Vharat,Roslyn.Vharat@yopmail.com,Roslyn.Vharat@gmail.com,police officer
779,Lisette,Anselmi,Lisette.Anselmi@yopmail.com,Lisette.Anselmi@gmail.com,developer
780,Allyce,Konyn,Allyce.Konyn@yopmail.com,Allyce.Konyn@gmail.com,worker
781,Lulita,McNully,Lulita.McNully@yopmail.com,Lulita.McNully@gmail.com,police officer
782,Dacia,Ingra,Dacia.Ingra@yopmail.com,Dacia.Ingra@gmail.com,developer
783,Penelopa,Carolin,Penelopa.Carolin@yopmail.com,Penelopa.Carolin@gmail.com,doctor
784,Addia,Capello,Addia.Capello@yopmail.com,Addia.Capello@gmail.com,developer
785,Genovera,Remmer,Genovera.Remmer@yopmail.com,Genovera.Remmer@gmail.com,worker
786,Babita,Chaing,Babita.Chaing@yopmail.com,Babita.Chaing@gmail.com,police officer
787,Stevana,Jotham,Stevana.Jotham@yopmail.com,Stevana.Jotham@gmail.com,doctor
788,Edyth,Olnee,Edyth.Olnee@yopmail.com,Edyth.Olnee@gmail.com,firefighter
789,Fredericka,Bethany,Fredericka.Bethany@yopmail.com,Fredericka.Bethany@gmail.com,developer
790,Catrina,Franza,Catrina.Franza@yopmail.com,Catrina.Franza@gmail.com,developer
791,Tilly,Dalli,Tilly.Dalli@yopmail.com,Tilly.Dalli@gmail.com,firefighter
792,Imojean,Jefferey,Imojean.Jefferey@yopmail.com,Imojean.Jefferey@gmail.com,worker
793,Pearline,Kenney,Pearline.Kenney@yopmail.com,Pearline.Kenney@gmail.com,police officer
794,Marinna,Baptlsta,Marinna.Baptlsta@yopmail.com,Marinna.Baptlsta@gmail.com,police officer
795,Sissy,Euridice,Sissy.Euridice@yopmail.com,Sissy.Euridice@gmail.com,developer
796,Molli,Greyson,Molli.Greyson@yopmail.com,Molli.Greyson@gmail.com,firefighter
797,Cindelyn,Dorcy,Cindelyn.Dorcy@yopmail.com,Cindelyn.Dorcy@gmail.com,firefighter
798,Merle,Alice,Merle.Alice@yopmail.com,Merle.Alice@gmail.com,worker
799,Berget,Adore,Berget.Adore@yopmail.com,Berget.Adore@gmail.com,developer
800,Juliane,Mandler,Juliane.Mandler@yopmail.com,Juliane.Mandler@gmail.com,developer
801,Aurore,Laverne,Aurore.Laverne@yopmail.com,Aurore.Laverne@gmail.com,developer
802,Janeczka,Fry,Janeczka.Fry@yopmail.com,Janeczka.Fry@gmail.com,doctor
803,Jerry,Arathorn,Jerry.Arathorn@yopmail.com,Jerry.Arathorn@gmail.com,firefighter
804,Taffy,Even,Taffy.Even@yopmail.com,Taffy.Even@gmail.com,doctor
805,Jerry,Noam,Jerry.Noam@yopmail.com,Jerry.Noam@gmail.com,doctor
806,Janey,Astra,Janey.Astra@yopmail.com,Janey.Astra@gmail.com,doctor
807,Daphne,Bennie,Daphne.Bennie@yopmail.com,Daphne.Bennie@gmail.com,firefighter
808,Wanda,Avi,Wanda.Avi@yopmail.com,Wanda.Avi@gmail.com,doctor
809,Aaren,Susannah,Aaren.Susannah@yopmail.com,Aaren.Susannah@gmail.com,police officer
810,Halette,Sadowski,Halette.Sadowski@yopmail.com,Halette.Sadowski@gmail.com,police officer
811,Sheree,Orpah,Sheree.Orpah@yopmail.com,Sheree.Orpah@gmail.com,developer
812,Selma,Persse,Selma.Persse@yopmail.com,Selma.Persse@gmail.com,doctor
813,Etta,Sherrie,Etta.Sherrie@yopmail.com,Etta.Sherrie@gmail.com,doctor
814,Cathyleen,Isacco,Cathyleen.Isacco@yopmail.com,Cathyleen.Isacco@gmail.com,firefighter
815,Fanchon,Tryck,Fanchon.Tryck@yopmail.com,Fanchon.Tryck@gmail.com,developer
816,Molli,Margarete,Molli.Margarete@yopmail.com,Molli.Margarete@gmail.com,doctor
817,Ira,Artie,Ira.Artie@yopmail.com,Ira.Artie@gmail.com,developer
818,Leia,Louanna,Leia.Louanna@yopmail.com,Leia.Louanna@gmail.com,worker
819,Annabela,Lory,Annabela.Lory@yopmail.com,Annabela.Lory@gmail.com,firefighter
820,Patricia,Skurnik,Patricia.Skurnik@yopmail.com,Patricia.Skurnik@gmail.com,police officer
821,Arlina,Wilona,Arlina.Wilona@yopmail.com,Arlina.Wilona@gmail.com,police officer
822,Rubie,Cynar,Rubie.Cynar@yopmail.com,Rubie.Cynar@gmail.com,worker
823,Tracey,Maryanne,Tracey.Maryanne@yopmail.com,Tracey.Maryanne@gmail.com,developer
824,Vonny,Himelman,Vonny.Himelman@yopmail.com,Vonny.Himelman@gmail.com,firefighter
825,Zaria,Simmonds,Zaria.Simmonds@yopmail.com,Zaria.Simmonds@gmail.com,firefighter
826,Hermione,Cynar,Hermione.Cynar@yopmail.com,Hermione.Cynar@gmail.com,doctor
827,Leanna,Behre,Leanna.Behre@yopmail.com,Leanna.Behre@gmail.com,developer
828,Kenna,Lumbard,Kenna.Lumbard@yopmail.com,Kenna.Lumbard@gmail.com,worker
829,Agathe,Ochs,Agathe.Ochs@yopmail.com,Agathe.Ochs@gmail.com,doctor
830,Kial,Suzetta,Kial.Suzetta@yopmail.com,Kial.Suzetta@gmail.com,police officer
831,Vita,Lynn,Vita.Lynn@yopmail.com,Vita.Lynn@gmail.com,doctor
832,Lucille,Thad,Lucille.Thad@yopmail.com,Lucille.Thad@gmail.com,developer
833,Lynde,Gibbeon,Lynde.Gibbeon@yopmail.com,Lynde.Gibbeon@gmail.com,firefighter
834,Jessamyn,Michella,Jessamyn.Michella@yopmail.com,Jessamyn.Michella@gmail.com,doctor
835,Rubie,Lorenz,Rubie.Lorenz@yopmail.com,Rubie.Lorenz@gmail.com,developer
836,Cristine,Wesle,Cristine.Wesle@yopmail.com,Cristine.Wesle@gmail.com,doctor
837,Mara,Angelis,Mara.Angelis@yopmail.com,Mara.Angelis@gmail.com,police officer
838,Leona,Baptlsta,Leona.Baptlsta@yopmail.com,Leona.Baptlsta@gmail.com,doctor
839,Peri,Gwenore,Peri.Gwenore@yopmail.com,Peri.Gwenore@gmail.com,developer
840,Ingrid,Emanuel,Ingrid.Emanuel@yopmail.com,Ingrid.Emanuel@gmail.com,developer
841,Gwyneth,Emmaline,Gwyneth.Emmaline@yopmail.com,Gwyneth.Emmaline@gmail.com,police officer
842,Raf,Judye,Raf.Judye@yopmail.com,Raf.Judye@gmail.com,firefighter
843,Carree,Pip,Carree.Pip@yopmail.com,Carree.Pip@gmail.com,developer
844,Kellen,Rubie,Kellen.Rubie@yopmail.com,Kellen.Rubie@gmail.com,worker
845,Jaime,Holbrook,Jaime.Holbrook@yopmail.com,Jaime.Holbrook@gmail.com,doctor
846,Nita,Hoenack,Nita.Hoenack@yopmail.com,Nita.Hoenack@gmail.com,developer
847,Christal,Denis,Christal.Denis@yopmail.com,Christal.Denis@gmail.com,firefighter
848,Rivalee,Sheng,Rivalee.Sheng@yopmail.com,Rivalee.Sheng@gmail.com,developer
849,Starla,Campball,Starla.Campball@yopmail.com,Starla.Campball@gmail.com,doctor
850,Celene,Chaing,Celene.Chaing@yopmail.com,Celene.Chaing@gmail.com,developer
851,Marcy,Colyer,Marcy.Colyer@yopmail.com,Marcy.Colyer@gmail.com,firefighter
852,Alyssa,Yorick,Alyssa.Yorick@yopmail.com,Alyssa.Yorick@gmail.com,firefighter
853,Teriann,Kylander,Teriann.Kylander@yopmail.com,Teriann.Kylander@gmail.com,firefighter
854,Minne,Lubin,Minne.Lubin@yopmail.com,Minne.Lubin@gmail.com,firefighter
855,Brooks,Johnsson,Brooks.Johnsson@yopmail.com,Brooks.Johnsson@gmail.com,firefighter
856,Brynna,Tremayne,Brynna.Tremayne@yopmail.com,Brynna.Tremayne@gmail.com,firefighter
857,Etta,Brodench,Etta.Brodench@yopmail.com,Etta.Brodench@gmail.com,doctor
858,Shandie,Tice,Shandie.Tice@yopmail.com,Shandie.Tice@gmail.com,developer
859,Veda,Forrer,Veda.Forrer@yopmail.com,Veda.Forrer@gmail.com,firefighter
860,Evaleen,Roche,Evaleen.Roche@yopmail.com,Evaleen.Roche@gmail.com,firefighter
861,Agathe,Harriman,Agathe.Harriman@yopmail.com,Agathe.Harriman@gmail.com,doctor
862,Selma,Zola,Selma.Zola@yopmail.com,Selma.Zola@gmail.com,worker
863,Candi,Paine,Candi.Paine@yopmail.com,Candi.Paine@gmail.com,firefighter
864,Maye,Colp,Maye.Colp@yopmail.com,Maye.Colp@gmail.com,doctor
865,Ashlee,Zina,Ashlee.Zina@yopmail.com,Ashlee.Zina@gmail.com,police officer
866,Perry,Nedrud,Perry.Nedrud@yopmail.com,Perry.Nedrud@gmail.com,police officer
867,Julieta,Roumell,Julieta.Roumell@yopmail.com,Julieta.Roumell@gmail.com,police officer
868,Tobe,Brandice,Tobe.Brandice@yopmail.com,Tobe.Brandice@gmail.com,worker
869,Jemie,Merell,Jemie.Merell@yopmail.com,Jemie.Merell@gmail.com,firefighter
870,Kaia,Stanwood,Kaia.Stanwood@yopmail.com,Kaia.Stanwood@gmail.com,police officer
871,Veda,Emanuel,Veda.Emanuel@yopmail.com,Veda.Emanuel@gmail.com,developer
872,Elbertina,Macey,Elbertina.Macey@yopmail.com,Elbertina.Macey@gmail.com,worker
873,Ariela,Raseda,Ariela.Raseda@yopmail.com,Ariela.Raseda@gmail.com,developer
874,Dorthy,Palocz,Dorthy.Palocz@yopmail.com,Dorthy.Palocz@gmail.com,worker
875,Diena,Armanda,Diena.Armanda@yopmail.com,Diena.Armanda@gmail.com,doctor
876,Diena,Elbertina,Diena.Elbertina@yopmail.com,Diena.Elbertina@gmail.com,firefighter
877,Lulita,Adore,Lulita.Adore@yopmail.com,Lulita.Adore@gmail.com,doctor
878,Viviene,Bearnard,Viviene.Bearnard@yopmail.com,Viviene.Bearnard@gmail.com,developer
879,Regina,Weaks,Regina.Weaks@yopmail.com,Regina.Weaks@gmail.com,doctor
880,Brynna,Harl,Brynna.Harl@yopmail.com,Brynna.Harl@gmail.com,firefighter
881,Halette,Iaverne,Halette.Iaverne@yopmail.com,Halette.Iaverne@gmail.com,doctor
882,Dari,Gladstone,Dari.Gladstone@yopmail.com,Dari.Gladstone@gmail.com,doctor
883,Alameda,Odysseus,Alameda.Odysseus@yopmail.com,Alameda.Odysseus@gmail.com,firefighter
884,Cristabel,Tybald,Cristabel.Tybald@yopmail.com,Cristabel.Tybald@gmail.com,police officer
885,Dode,Winthorpe,Dode.Winthorpe@yopmail.com,Dode.Winthorpe@gmail.com,police officer
886,Joleen,Reneta,Joleen.Reneta@yopmail.com,Joleen.Reneta@gmail.com,police officer
887,Cindelyn,Hewitt,Cindelyn.Hewitt@yopmail.com,Cindelyn.Hewitt@gmail.com,police officer
888,Suzette,Isacco,Suzette.Isacco@yopmail.com,Suzette.Isacco@gmail.com,firefighter
889,Cordi,Pillsbury,Cordi.Pillsbury@yopmail.com,Cordi.Pillsbury@gmail.com,firefighter
890,Queenie,Atcliffe,Queenie.Atcliffe@yopmail.com,Queenie.Atcliffe@gmail.com,firefighter
891,Gusella,Longfellow,Gusella.Longfellow@yopmail.com,Gusella.Longfellow@gmail.com,police officer
892,Vanessa,Hoenack,Vanessa.Hoenack@yopmail.com,Vanessa.Hoenack@gmail.com,doctor
893,Julieta,Tengdin,Julieta.Tengdin@yopmail.com,Julieta.Tengdin@gmail.com,doctor
894,Sue,Genna,Sue.Genna@yopmail.com,Sue.Genna@gmail.com,developer
895,Demetris,Aloise,Demetris.Aloise@yopmail.com,Demetris.Aloise@gmail.com,firefighter
896,Marnia,Raffo,Marnia.Raffo@yopmail.com,Marnia.Raffo@gmail.com,worker
897,Lorenza,Tamar,Lorenza.Tamar@yopmail.com,Lorenza.Tamar@gmail.com,doctor
898,Perry,Aurelio,Perry.Aurelio@yopmail.com,Perry.Aurelio@gmail.com,worker
899,Gilda,Melony,Gilda.Melony@yopmail.com,Gilda.Melony@gmail.com,developer
900,Aurelie,Oscar,Aurelie.Oscar@yopmail.com,Aurelie.Oscar@gmail.com,police officer
901,Ida,Drisko,Ida.Drisko@yopmail.com,Ida.Drisko@gmail.com,firefighter
902,Fernande,Dermott,Fernande.Dermott@yopmail.com,Fernande.Dermott@gmail.com,developer
903,Winifred,Land,Winifred.Land@yopmail.com,Winifred.Land@gmail.com,firefighter
904,Odessa,Bandeen,Odessa.Bandeen@yopmail.com,Odessa.Bandeen@gmail.com,police officer
905,Christal,Bronk,Christal.Bronk@yopmail.com,Christal.Bronk@gmail.com,worker
906,Dione,Harl,Dione.Harl@yopmail.com,Dione.Harl@gmail.com,firefighter
907,Ayn,Elvyn,Ayn.Elvyn@yopmail.com,Ayn.Elvyn@gmail.com,doctor
908,Emmey,Gert,Emmey.Gert@yopmail.com,Emmey.Gert@gmail.com,firefighter
909,Mara,Bonucci,Mara.Bonucci@yopmail.com,Mara.Bonucci@gmail.com,police officer
910,Vinita,Lilybelle,Vinita.Lilybelle@yopmail.com,Vinita.Lilybelle@gmail.com,firefighter
911,Leanna,Toffic,Leanna.Toffic@yopmail.com,Leanna.Toffic@gmail.com,police officer
912,Dianemarie,Adrienne,Dianemarie.Adrienne@yopmail.com,Dianemarie.Adrienne@gmail.com,doctor
913,Aimil,Hanshaw,Aimil.Hanshaw@yopmail.com,Aimil.Hanshaw@gmail.com,police officer
914,Madalyn,Teryn,Madalyn.Teryn@yopmail.com,Madalyn.Teryn@gmail.com,developer
915,Allyce,Pillsbury,Allyce.Pillsbury@yopmail.com,Allyce.Pillsbury@gmail.com,worker
916,Pamella,Denis,Pamella.Denis@yopmail.com,Pamella.Denis@gmail.com,firefighter
917,Ruthe,Concha,Ruthe.Concha@yopmail.com,Ruthe.Concha@gmail.com,police officer
918,Susette,Shirberg,Susette.Shirberg@yopmail.com,Susette.Shirberg@gmail.com,police officer
919,Ivett,Callista,Ivett.Callista@yopmail.com,Ivett.Callista@gmail.com,doctor
920,Stevana,Dosia,Stevana.Dosia@yopmail.com,Stevana.Dosia@gmail.com,doctor
921,Kassey,Harned,Kassey.Harned@yopmail.com,Kassey.Harned@gmail.com,worker
922,Maryellen,Olnee,Maryellen.Olnee@yopmail.com,Maryellen.Olnee@gmail.com,firefighter
923,Cecile,Sheedy,Cecile.Sheedy@yopmail.com,Cecile.Sheedy@gmail.com,doctor
924,Carree,Brunell,Carree.Brunell@yopmail.com,Carree.Brunell@gmail.com,doctor
925,Reeba,Wenoa,Reeba.Wenoa@yopmail.com,Reeba.Wenoa@gmail.com,worker
926,Sonni,Corilla,Sonni.Corilla@yopmail.com,Sonni.Corilla@gmail.com,firefighter
927,Rozele,Bashemeth,Rozele.Bashemeth@yopmail.com,Rozele.Bashemeth@gmail.com,developer
928,Nannie,McGrody,Nannie.McGrody@yopmail.com,Nannie.McGrody@gmail.com,worker
929,Glynnis,Slifka,Glynnis.Slifka@yopmail.com,Glynnis.Slifka@gmail.com,doctor
930,Consuela,Klotz,Consuela.Klotz@yopmail.com,Consuela.Klotz@gmail.com,doctor
931,Molli,Lasley,Molli.Lasley@yopmail.com,Molli.Lasley@gmail.com,doctor
932,Gui,Daegal,Gui.Daegal@yopmail.com,Gui.Daegal@gmail.com,developer
933,Oona,Gavrila,Oona.Gavrila@yopmail.com,Oona.Gavrila@gmail.com,developer
934,Lindie,Millda,Lindie.Millda@yopmail.com,Lindie.Millda@gmail.com,police officer
935,Abbie,Eckblad,Abbie.Eckblad@yopmail.com,Abbie.Eckblad@gmail.com,developer
936,Agathe,Brotherson,Agathe.Brotherson@yopmail.com,Agathe.Brotherson@gmail.com,police officer
937,Jsandye,Cordi,Jsandye.Cordi@yopmail.com,Jsandye.Cordi@gmail.com,police officer
938,Ernesta,Brodench,Ernesta.Brodench@yopmail.com,Ernesta.Brodench@gmail.com,police officer
939,Orsola,Gahl,Orsola.Gahl@yopmail.com,Orsola.Gahl@gmail.com,firefighter
940,Veda,Lytton,Veda.Lytton@yopmail.com,Veda.Lytton@gmail.com,firefighter
941,Barbi,Ramona,Barbi.Ramona@yopmail.com,Barbi.Ramona@gmail.com,worker
942,Pearline,Libna,Pearline.Libna@yopmail.com,Pearline.Libna@gmail.com,developer
943,Lonnie,Hortensia,Lonnie.Hortensia@yopmail.com,Lonnie.Hortensia@gmail.com,police officer
944,Hildegaard,Olnee,Hildegaard.Olnee@yopmail.com,Hildegaard.Olnee@gmail.com,developer
945,Jinny,Munn,Jinny.Munn@yopmail.com,Jinny.Munn@gmail.com,police officer
946,Sheree,Talia,Sheree.Talia@yopmail.com,Sheree.Talia@gmail.com,police officer
947,Raina,Stuart,Raina.Stuart@yopmail.com,Raina.Stuart@gmail.com,police officer
948,Valli,Hessler,Valli.Hessler@yopmail.com,Valli.Hessler@gmail.com,developer
949,Lexine,Leary,Lexine.Leary@yopmail.com,Lexine.Leary@gmail.com,doctor
950,Joane,Lowry,Joane.Lowry@yopmail.com,Joane.Lowry@gmail.com,developer
951,Randa,Eckblad,Randa.Eckblad@yopmail.com,Randa.Eckblad@gmail.com,firefighter
952,Maud,Chandler,Maud.Chandler@yopmail.com,Maud.Chandler@gmail.com,police officer
953,June,Even,June.Even@yopmail.com,June.Even@gmail.com,police officer
954,Edyth,Callista,Edyth.Callista@yopmail.com,Edyth.Callista@gmail.com,firefighter
955,Dacia,Romelda,Dacia.Romelda@yopmail.com,Dacia.Romelda@gmail.com,police officer
956,Minda,Lareena,Minda.Lareena@yopmail.com,Minda.Lareena@gmail.com,developer
957,Maridel,Jalbert,Maridel.Jalbert@yopmail.com,Maridel.Jalbert@gmail.com,police officer
958,Ottilie,Millda,Ottilie.Millda@yopmail.com,Ottilie.Millda@gmail.com,firefighter
959,Madelle,Cordi,Madelle.Cordi@yopmail.com,Madelle.Cordi@gmail.com,developer
960,Josephine,Paton,Josephine.Paton@yopmail.com,Josephine.Paton@gmail.com,police officer
961,Marcelline,Dichy,Marcelline.Dichy@yopmail.com,Marcelline.Dichy@gmail.com,police officer
962,Felice,Gherardo,Felice.Gherardo@yopmail.com,Felice.Gherardo@gmail.com,worker
963,Elise,Cleo,Elise.Cleo@yopmail.com,Elise.Cleo@gmail.com,firefighter
964,Audrie,Fadiman,Audrie.Fadiman@yopmail.com,Audrie.Fadiman@gmail.com,police officer
965,Lorenza,Bartlett,Lorenza.Bartlett@yopmail.com,Lorenza.Bartlett@gmail.com,police officer
966,Florencia,Dyche,Florencia.Dyche@yopmail.com,Florencia.Dyche@gmail.com,firefighter
967,Lenna,Lamoree,Lenna.Lamoree@yopmail.com,Lenna.Lamoree@gmail.com,developer
968,Kelly,Janith,Kelly.Janith@yopmail.com,Kelly.Janith@gmail.com,developer
969,Doro,Loring,Doro.Loring@yopmail.com,Doro.Loring@gmail.com,developer
970,Arlena,Atcliffe,Arlena.Atcliffe@yopmail.com,Arlena.Atcliffe@gmail.com,worker
971,Oralee,Craggie,Oralee.Craggie@yopmail.com,Oralee.Craggie@gmail.com,police officer
972,Jackie,Mott,Jackie.Mott@yopmail.com,Jackie.Mott@gmail.com,developer
973,Shirlee,Tamsky,Shirlee.Tamsky@yopmail.com,Shirlee.Tamsky@gmail.com,worker
974,Sabina,Schlosser,Sabina.Schlosser@yopmail.com,Sabina.Schlosser@gmail.com,doctor
975,Annabela,Norvol,Annabela.Norvol@yopmail.com,Annabela.Norvol@gmail.com,developer
976,Chandra,Nicoline,Chandra.Nicoline@yopmail.com,Chandra.Nicoline@gmail.com,firefighter
977,Corene,Buffum,Corene.Buffum@yopmail.com,Corene.Buffum@gmail.com,worker
978,Rhoda,Lane,Rhoda.Lane@yopmail.com,Rhoda.Lane@gmail.com,developer
979,Mireielle,Terencio,Mireielle.Terencio@yopmail.com,Mireielle.Terencio@gmail.com,firefighter
980,Leanna,Devlen,Leanna.Devlen@yopmail.com,Leanna.Devlen@gmail.com,worker
981,Linzy,Klemperer,Linzy.Klemperer@yopmail.com,Linzy.Klemperer@gmail.com,firefighter
982,Fayre,Decato,Fayre.Decato@yopmail.com,Fayre.Decato@gmail.com,developer
983,Janey,Kare,Janey.Kare@yopmail.com,Janey.Kare@gmail.com,developer
984,Theodora,Ricarda,Theodora.Ricarda@yopmail.com,Theodora.Ricarda@gmail.com,worker
985,Concettina,Erlandson,Concettina.Erlandson@yopmail.com,Concettina.Erlandson@gmail.com,doctor
986,Luci,Dorothy,Luci.Dorothy@yopmail.com,Luci.Dorothy@gmail.com,firefighter
987,Shannah,Saree,Shannah.Saree@yopmail.com,Shannah.Saree@gmail.com,worker
988,Tamqrah,Curren,Tamqrah.Curren@yopmail.com,Tamqrah.Curren@gmail.com,doctor
989,Concettina,Larochelle,Concettina.Larochelle@yopmail.com,Concettina.Larochelle@gmail.com,doctor
990,Briney,Greenwald,Briney.Greenwald@yopmail.com,Briney.Greenwald@gmail.com,doctor
991,Edith,Mata,Edith.Mata@yopmail.com,Edith.Mata@gmail.com,firefighter
992,Ekaterina,Lesley,Ekaterina.Lesley@yopmail.com,Ekaterina.Lesley@gmail.com,police officer
993,Dulce,Ramona,Dulce.Ramona@yopmail.com,Dulce.Ramona@gmail.com,developer
994,Ulrike,Raffo,Ulrike.Raffo@yopmail.com,Ulrike.Raffo@gmail.com,developer
995,Mildrid,Wolfgram,Mildrid.Wolfgram@yopmail.com,Mildrid.Wolfgram@gmail.com,doctor
996,Helsa,Berne,Helsa.Berne@yopmail.com,Helsa.Berne@gmail.com,firefighter
997,Layla,Velick,Layla.Velick@yopmail.com,Layla.Velick@gmail.com,police officer
998,Willetta,Giule,Willetta.Giule@yopmail.com,Willetta.Giule@gmail.com,worker
999,Viki,Wind,Viki.Wind@yopmail.com,Viki.Wind@gmail.com,firefighter
1000,Heddie,Bonucci,Heddie.Bonucci@yopmail.com,Heddie.Bonucci@gmail.com,firefighter
1001,Vere,Lipson,Vere.Lipson@yopmail.com,Vere.Lipson@gmail.com,worker
1002,Emelina,O'Neill,Emelina.O'Neill@yopmail.com,Emelina.O'Neill@gmail.com,police officer
1003,Blake,Tyson,Blake.Tyson@yopmail.com,Blake.Tyson@gmail.com,firefighter
1004,Ariela,Teddman,Ariela.Teddman@yopmail.com,Ariela.Teddman@gmail.com,worker
1005,Zaria,Flita,Zaria.Flita@yopmail.com,Zaria.Flita@gmail.com,worker
1006,Britni,Nance,Britni.Nance@yopmail.com,Britni.Nance@gmail.com,doctor
1007,Lyssa,Medrek,Lyssa.Medrek@yopmail.com,Lyssa.Medrek@gmail.com,developer
1008,Mireielle,Sancho,Mireielle.Sancho@yopmail.com,Mireielle.Sancho@gmail.com,firefighter
1009,Gwenneth,Albertine,Gwenneth.Albertine@yopmail.com,Gwenneth.Albertine@gmail.com,police officer
1010,Petronia,Munn,Petronia.Munn@yopmail.com,Petronia.Munn@gmail.com,developer
1011,Marsiella,Laurianne,Marsiella.Laurianne@yopmail.com,Marsiella.Laurianne@gmail.com,worker
1012,Edee,Lumbard,Edee.Lumbard@yopmail.com,Edee.Lumbard@gmail.com,firefighter
1013,Julieta,Kenwood,Julieta.Kenwood@yopmail.com,Julieta.Kenwood@gmail.com,police officer
1014,Wynne,Hamil,Wynne.Hamil@yopmail.com,Wynne.Hamil@gmail.com,firefighter
1015,Libbie,Elo,Libbie.Elo@yopmail.com,Libbie.Elo@gmail.com,firefighter
1016,Ardeen,Uund,Ardeen.Uund@yopmail.com,Ardeen.Uund@gmail.com,police officer
1017,Kalina,Ehrman,Kalina.Ehrman@yopmail.com,Kalina.Ehrman@gmail.com,police officer
1018,Jenda,Viddah,Jenda.Viddah@yopmail.com,Jenda.Viddah@gmail.com,firefighter
1019,Chandra,Weinreb,Chandra.Weinreb@yopmail.com,Chandra.Weinreb@gmail.com,developer
1020,Kylynn,Lewes,Kylynn.Lewes@yopmail.com,Kylynn.Lewes@gmail.com,developer
1021,Flo,Adlare,Flo.Adlare@yopmail.com,Flo.Adlare@gmail.com,developer
1022,Gale,Jillane,Gale.Jillane@yopmail.com,Gale.Jillane@gmail.com,police officer
1023,Adore,Vivle,Adore.Vivle@yopmail.com,Adore.Vivle@gmail.com,doctor
1024,Ezmeralda,Arne,Ezmeralda.Arne@yopmail.com,Ezmeralda.Arne@gmail.com,developer
1025,Nataline,Korey,Nataline.Korey@yopmail.com,Nataline.Korey@gmail.com,worker
1026,Renae,Aida,Renae.Aida@yopmail.com,Renae.Aida@gmail.com,doctor
1027,Estell,Horan,Estell.Horan@yopmail.com,Estell.Horan@gmail.com,worker
1028,Adelle,Charity,Adelle.Charity@yopmail.com,Adelle.Charity@gmail.com,police officer
1029,Melodie,McNully,Melodie.McNully@yopmail.com,Melodie.McNully@gmail.com,police officer
1030,Kimmy,Saree,Kimmy.Saree@yopmail.com,Kimmy.Saree@gmail.com,developer
1031,Claudina,Connelly,Claudina.Connelly@yopmail.com,Claudina.Connelly@gmail.com,developer
1032,Gusella,Vastah,Gusella.Vastah@yopmail.com,Gusella.Vastah@gmail.com,developer
1033,Sam,Alrich,Sam.Alrich@yopmail.com,Sam.Alrich@gmail.com,worker
1034,Blake,Daegal,Blake.Daegal@yopmail.com,Blake.Daegal@gmail.com,worker
1035,Lorie,Delp,Lorie.Delp@yopmail.com,Lorie.Delp@gmail.com,firefighter
1036,Ernesta,Fennessy,Ernesta.Fennessy@yopmail.com,Ernesta.Fennessy@gmail.com,doctor
1037,Bertine,Laverne,Bertine.Laverne@yopmail.com,Bertine.Laverne@gmail.com,worker
1038,Jackie,Montgomery,Jackie.Montgomery@yopmail.com,Jackie.Montgomery@gmail.com,developer
1039,Marti,Rodmann,Marti.Rodmann@yopmail.com,Marti.Rodmann@gmail.com,police officer
1040,Marjie,Jacinda,Marjie.Jacinda@yopmail.com,Marjie.Jacinda@gmail.com,developer
1041,Chastity,Neva,Chastity.Neva@yopmail.com,Chastity.Neva@gmail.com,firefighter
1042,Dede,Seligman,Dede.Seligman@yopmail.com,Dede.Seligman@gmail.com,worker
1043,Abbie,Behre,Abbie.Behre@yopmail.com,Abbie.Behre@gmail.com,worker
1044,Ericka,Norvol,Ericka.Norvol@yopmail.com,Ericka.Norvol@gmail.com,police officer
1045,Wendi,Goode,Wendi.Goode@yopmail.com,Wendi.Goode@gmail.com,firefighter
1046,Jillayne,Schwejda,Jillayne.Schwejda@yopmail.com,Jillayne.Schwejda@gmail.com,police officer
1047,Katharina,Charmine,Katharina.Charmine@yopmail.com,Katharina.Charmine@gmail.com,worker
1048,Marti,Dunkin,Marti.Dunkin@yopmail.com,Marti.Dunkin@gmail.com,worker
1049,Constance,Wandie,Constance.Wandie@yopmail.com,Constance.Wandie@gmail.com,doctor
1050,Lauryn,Holtz,Lauryn.Holtz@yopmail.com,Lauryn.Holtz@gmail.com,developer
1051,Kylynn,Ries,Kylynn.Ries@yopmail.com,Kylynn.Ries@gmail.com,worker
1052,Beatriz,Wadell,Beatriz.Wadell@yopmail.com,Beatriz.Wadell@gmail.com,worker
1053,Babita,Pierette,Babita.Pierette@yopmail.com,Babita.Pierette@gmail.com,doctor
1054,Krystle,Jeanne,Krystle.Jeanne@yopmail.com,Krystle.Jeanne@gmail.com,firefighter
1055,Kristina,Trace,Kristina.Trace@yopmail.com,Kristina.Trace@gmail.com,developer
1056,Gertrud,Hertzfeld,Gertrud.Hertzfeld@yopmail.com,Gertrud.Hertzfeld@gmail.com,doctor
1057,Jorry,Leffen,Jorry.Leffen@yopmail.com,Jorry.Leffen@gmail.com,developer
1058,Karlee,Diogenes,Karlee.Diogenes@yopmail.com,Karlee.Diogenes@gmail.com,firefighter
1059,Carmela,Hewitt,Carmela.Hewitt@yopmail.com,Carmela.Hewitt@gmail.com,developer
1060,Trixi,Jotham,Trixi.Jotham@yopmail.com,Trixi.Jotham@gmail.com,doctor
1061,Abbie,Nadia,Abbie.Nadia@yopmail.com,Abbie.Nadia@gmail.com,firefighter
1062,Monika,Brandice,Monika.Brandice@yopmail.com,Monika.Brandice@gmail.com,doctor
1063,Yolane,Philoo,Yolane.Philoo@yopmail.com,Yolane.Philoo@gmail.com,developer
1064,Siana,Warthman,Siana.Warthman@yopmail.com,Siana.Warthman@gmail.com,doctor
1065,Juliane,Edvard,Juliane.Edvard@yopmail.com,Juliane.Edvard@gmail.com,developer
1066,Renie,Monaco,Renie.Monaco@yopmail.com,Renie.Monaco@gmail.com,developer
1067,Isa,Bahr,Isa.Bahr@yopmail.com,Isa.Bahr@gmail.com,police officer
1068,Feliza,Mallon,Feliza.Mallon@yopmail.com,Feliza.Mallon@gmail.com,police officer
1069,Sara-Ann,Sikorski,Sara-Ann.Sikorski@yopmail.com,Sara-Ann.Sikorski@gmail.com,firefighter
1070,Nariko,Greyson,Nariko.Greyson@yopmail.com,Nariko.Greyson@gmail.com,worker
1071,Regina,Fry,Regina.Fry@yopmail.com,Regina.Fry@gmail.com,worker
1072,Laurene,Genna,Laurene.Genna@yopmail.com,Laurene.Genna@gmail.com,doctor
1073,Meriel,Dorothy,Meriel.Dorothy@yopmail.com,Meriel.Dorothy@gmail.com,firefighter
1074,Charissa,Yusuk,Charissa.Yusuk@yopmail.com,Charissa.Yusuk@gmail.com,developer
1075,Micheline,Regan,Micheline.Regan@yopmail.com,Micheline.Regan@gmail.com,doctor
1076,Magdalena,Tannie,Magdalena.Tannie@yopmail.com,Magdalena.Tannie@gmail.com,firefighter
1077,Sean,Halsey,Sean.Halsey@yopmail.com,Sean.Halsey@gmail.com,police officer
1078,Teddie,Thunell,Teddie.Thunell@yopmail.com,Teddie.Thunell@gmail.com,worker
1079,Rayna,Ilka,Rayna.Ilka@yopmail.com,Rayna.Ilka@gmail.com,doctor
1080,Briney,Gombach,Briney.Gombach@yopmail.com,Briney.Gombach@gmail.com,doctor
1081,Sophia,Paton,Sophia.Paton@yopmail.com,Sophia.Paton@gmail.com,worker
1082,Lanae,Imelida,Lanae.Imelida@yopmail.com,Lanae.Imelida@gmail.com,police officer
1083,Kelly,Shaddock,Kelly.Shaddock@yopmail.com,Kelly.Shaddock@gmail.com,worker
1084,Kassey,Telfer,Kassey.Telfer@yopmail.com,Kassey.Telfer@gmail.com,developer
1085,Oralee,Rese,Oralee.Rese@yopmail.com,Oralee.Rese@gmail.com,worker
1086,Marika,Klotz,Marika.Klotz@yopmail.com,Marika.Klotz@gmail.com,police officer
1087,Berta,Irmine,Berta.Irmine@yopmail.com,Berta.Irmine@gmail.com,worker
1088,Allis,Olnee,Allis.Olnee@yopmail.com,Allis.Olnee@gmail.com,firefighter
1089,Neila,Behre,Neila.Behre@yopmail.com,Neila.Behre@gmail.com,developer
1090,Charmaine,Margarete,Charmaine.Margarete@yopmail.com,Charmaine.Margarete@gmail.com,firefighter
1091,Sissy,Lamoree,Sissy.Lamoree@yopmail.com,Sissy.Lamoree@gmail.com,developer
1092,Cecile,Medrek,Cecile.Medrek@yopmail.com,Cecile.Medrek@gmail.com,developer
1093,Cathie,Buffum,Cathie.Buffum@yopmail.com,Cathie.Buffum@gmail.com,worker
1094,Rebeca,Kauppi,Rebeca.Kauppi@yopmail.com,Rebeca.Kauppi@gmail.com,doctor
1095,Benita,Kussell,Benita.Kussell@yopmail.com,Benita.Kussell@gmail.com,worker
1096,Carilyn,Serilda,Carilyn.Serilda@yopmail.com,Carilyn.Serilda@gmail.com,developer
1097,Fanchon,Hashim,Fanchon.Hashim@yopmail.com,Fanchon.Hashim@gmail.com,firefighter
1098,Hyacinthe,Naashom,Hyacinthe.Naashom@yopmail.com,Hyacinthe.Naashom@gmail.com,developer
1099,Trixi,Westphal,Trixi.Westphal@yopmail.com,Trixi.Westphal@gmail.com,worker